,temperature,humidity,rainfall,label
0,20.87974371,82.00274423,202.9355362,rice
1,21.77046169,80.31964408,226.6555374,rice
2,23.00445915,82.3207629,263.9642476,rice
3,26.49109635,80.15836264,242.8640342,rice
4,20.13017482,81.60487287,262.7173405,rice
5,23.05804872,83.37011772,251.0549998,rice
6,22.70883798,82.63941394,271.3248604,rice
7,20.27774362,82.89408619,241.9741949,rice
8,24.51588066,83.53521629999999,230.4462359,rice
9,23.22397386,83.03322691,221.2091958,rice
10,26.52723513,81.41753846,264.6148697,rice
11,23.97898217,81.45061596,250.0832336,rice
12,26.80079604,80.88684822,284.4364567,rice
13,24.01497622,82.05687182,185.2773389,rice
14,25.66585205,80.66385045,209.5869708,rice
15,24.28209415,80.30025587,231.0863347,rice
16,21.58711777,82.7883708,276.65524589999995,rice
17,23.79391957,80.41817957,206.2611855,rice
18,21.8652524,80.1923008,224.55501690000003,rice
19,23.57943626,83.58760316,291.29866180000005,rice
20,21.32504158,80.47476396,185.4974732,rice
21,25.15745531,83.11713476,231.3843163,rice
22,21.94766735,80.97384195,213.3560921,rice
23,21.0525355,82.67839517,233.1075816,rice
24,23.48381344,81.33265073,224.0581164,rice
25,25.0756354,80.52389148,257.0038865,rice
26,26.35927159,84.04403589,271.35861370000003,rice
27,24.52922681,80.54498576,260.2634026,rice
28,20.77576147,84.49774397,240.0810647,rice
29,22.30157427,80.64416466,197.9791215,rice
30,21.44653958,84.94375962,272.2017204,rice
31,22.17931888,80.33127223,200.0882787,rice
32,24.52783742,82.73685569,224.67572310000003,rice
33,20.26707606,81.63895217,270.4417274,rice
34,25.7354293,83.88266234,233.1321372,rice
35,26.79533926,82.1480873,193.3473987,rice
36,26.75754171,81.17734011,272.29990560000005,rice
37,23.86330467,83.15250801,285.2493645,rice
38,21.01944696,82.95221726,298.40184710000005,rice
39,24.17298839,83.7287574,257.0343554,rice
40,22.78133816,82.06719137,248.7183228,rice
41,25.62980105,83.52842314,209.9001977,rice
42,25.59704938,80.14509262,200.834898,rice
43,23.83067496,84.81360127,298.5601175,rice
44,26.31355498,82.36698992,265.5355937,rice
45,24.8972823,80.52586088,183.6793207,rice
46,24.958779,84.47963372,196.95600080000003,rice
47,23.24113501,84.59201843,233.0453455,rice
48,21.66628296,80.70960551,210.8142087,rice
49,24.63544858,80.41363018,253.7202781,rice
50,23.43121862,83.06310136,219.9048349,rice
51,20.0454142,80.3477562,208.5810155,rice
52,23.85724032,82.22572988,195.0948311,rice
53,21.97199397,81.89918197,227.3637009,rice
54,26.22916897,83.83625819,286.5083725,rice
55,23.44676801,84.79352417,283.9338466,rice
56,25.65553461,83.47021081,217.3788583,rice
57,24.44345477,82.45432595,267.97619480000003,rice
58,20.2801937,82.1235421,191.9535738,rice
59,21.7238313,80.2389895,277.9626192,rice
60,20.41447029,82.20802629,245.1511304,rice
61,25.75528612,83.51827127,245.6626799,rice
62,20.61521424,83.77345559,279.5451717,rice
63,21.84106875,80.72886384,202.3838319,rice
64,20.08369642,83.29114712,263.6372176,rice
65,24.45802087,82.74835604,182.5616319,rice
66,21.14347496,80.33502926,198.6730942,rice
67,25.78720567,82.11124033,243.5120414,rice
68,23.64124821,80.28597873,263.1103304,rice
69,23.43191632,80.56887849,269.5039162,rice
70,24.97669518,83.891805,204.8001847,rice
71,22.72791041,82.17068809999999,260.8875056,rice
72,24.87300744,82.84022551,295.60944920000003,rice
73,21.32376327,83.00320459,192.3197536,rice
74,26.29465461,84.56919326,257.4914906,rice
75,22.2286982,81.85872947,278.0791793,rice
76,26.73072391,81.78596776,280.4044392,rice
77,24.88921174,81.97927117,185.9461429,rice
78,26.88444878,81.46033732,194.5766559,rice
79,22.67846116,83.72874389,200.9133156,rice
80,26.08867875,80.37979919,182.9043504,rice
81,25.42977518,82.94682591,195.3574542,rice
82,26.40323239,81.05635517,223.3671883,rice
83,26.04371967,84.96907151,186.7536773,rice
84,25.2827223,80.54372813,220.1156708,rice
85,22.08576562,83.47038318,231.7364957,rice
86,23.28617173,81.43321641,242.3170629,rice
87,25.48591986,81.40633547,182.6549356,rice
88,23.67575393,81.03569343,233.7034975,rice
89,20.82477109,84.1341879,230.22422230000004,rice
90,26.92995077,81.91411159,290.67937830000005,rice
91,23.83509503,83.88387074,241.20135130000003,rice
92,26.52872817,80.12267476,218.9163567,rice
93,26.46428311,83.85642678,248.2256491,rice
94,22.69657794,82.81088865,256.9964761,rice
95,22.68319059,83.46358271,194.2651719,rice
96,21.53346343,82.14004101,295.9248796,rice
97,21.40865769,83.32931909999999,287.57669350000003,rice
98,26.54348085,84.67353597,183.6222657,rice
99,23.35905428,83.59512273,188.413665,rice
100,22.61359953,63.69070564,87.75953857,maize
101,26.10018422,71.57476937,102.2662445,maize
102,23.55882094,71.59351368,66.71995467,maize
103,19.97215954,57.68272924,60.65171481,maize
104,18.47891261,62.69503871,65.43835393,maize
105,21.77689322,57.80840636,102.0861694,maize
106,25.6217169,66.50415474,105.4654703,maize
107,25.19192419,66.69029010000001,78.06639649,maize
108,20.41683147,62.55424820000001,65.27798457,maize
109,24.92162194,66.78627406,109.2162279,maize
110,23.31689124,73.4541537,94.29712821,maize
111,24.84016732,68.3584573,74.05474936,maize
112,22.27526694,58.84015925,63.87020584,maize
113,18.87751445,65.76816093,94.76189431,maize
114,25.19008683,60.200168700000006,72.12375573,maize
115,18.25405352,55.28220433,63.72358154,maize
116,24.612911800000003,70.4162444,104.1626147,maize
117,25.1420613,65.26185135,76.68456006,maize
118,23.09348056,60.11593810000001,65.49730729,maize
119,18.05033737,62.89366992,84.23613484,maize
120,24.9321581,73.80435276,79.74078719,maize
121,18.14710054,71.09445342,88.07753741,maize
122,18.28362235,66.65952796,80.97573281,maize
123,18.83344471,58.75082029,79.75328959999999,maize
124,25.71895816,67.22190688,74.51490791,maize
125,25.33797709,68.49835977,96.46380213,maize
126,23.89114571,57.48775781,102.8301942,maize
127,21.53574127,71.50905983,102.4852929,maize
128,23.08974909,63.10459626,70.43473609,maize
129,25.61707368,63.4711755,108.8303762,maize
130,21.44526922,63.1621551,65.88951188,maize
131,18.51816776,55.53128131,90.988051,maize
132,22.53510514,67.99257471,64.40866039,maize
133,23.02038334,61.89472002,63.03843397,maize
134,24.89364635,65.61418761,87.9298085,maize
135,25.77175115,74.089114,107.4931917,maize
136,19.39851734,62.35750641,60.95197486,maize
137,21.54156232,59.64024162,109.7515385,maize
138,23.79746068,74.82913698,91.76337172,maize
139,18.9802729,74.52600826,94.26249353,maize
140,24.10859207,73.13112261,71.07562236,maize
141,24.7947077,70.04556743,76.72860067,maize
142,21.63162756,60.27766379,69.21803098,maize
143,25.37548751,57.21025565,101.7004306,maize
144,22.21738222,72.85462807,106.6213157,maize
145,20.58314011,69.00128641,66.29390357,maize
146,24.87502824,68.74248334,91.26056654,maize
147,20.03728219,56.35606753,109.024141,maize
148,25.95263264,61.89082199,99.57981207,maize
149,19.28889933,65.47050802,71.3195307,maize
150,20.57981887,65.34583901,78.34604471,maize
151,24.71417533,56.73426469,88.45361858,maize
152,20.27317074,63.91281869,62.50351892,maize
153,18.41932981,64.23580251,76.41312437,maize
154,23.39128187,61.74427165,107.3198135,maize
155,19.84939404,61.24500053,100.7689246,maize
156,21.869274,61.91044947,107.2681929,maize
157,22.8056033,56.50768935,101.5952794,maize
158,19.0781471,69.02298571,80.72515943,maize
159,22.02720976,65.35549924,83.73280082,maize
160,23.80546189,59.24537979,89.96220140000001,maize
161,18.52510753,69.0276233,88.10234397,maize
162,23.50297882,61.32026065,64.77791424,maize
163,26.54986394,72.89187265,73.33636055,maize
164,19.29563411,69.63481219,83.21030571,maize
165,20.68899915,59.4375337,103.651438,maize
166,19.32666088,68.03449300000001,84.22969177,maize
167,24.60532218,73.58868502,96.59195302,maize
168,22.27373646,59.52193158,67.96704792,maize
169,25.70196694,61.33450447,83.20711308,maize
170,19.20129357,68.30578978,87.85092352,maize
171,21.70181447,60.47470519,95.71388473,maize
172,20.51716779,59.21235483,67.61013737,maize
173,23.30355338,73.62548442,97.59081274,maize
174,24.2547451,55.64709899,64.23845455,maize
175,24.86374934,65.7420046,75.82270467,maize
176,22.6265115,65.77472881,88.17251033,maize
177,18.04185513,60.61494304,104.2321615,maize
178,23.26237612,72.33125523,67.10225139,maize
179,22.88330922,71.59722446,67.72777298,maize
180,25.97482359,69.36385721,103.2234212,maize
181,26.14384005,66.20569924,107.2361366,maize
182,18.66116213,61.55327249,75.03247667,maize
183,25.10787449,55.97732754,78.16077693,maize
184,23.33844615,59.24580604,105.0083144,maize
185,25.08239719,65.92195844,62.49190812,maize
186,25.36768364,72.52054555,107.9124111,maize
187,25.34217103,63.31801994,74.52082026,maize
188,25.00933355,67.816568,62.91359494,maize
189,18.66746724,71.516474,69.93293255,maize
190,20.37999665,63.73849998,108.5054416,maize
191,18.09300227,72.61024172,78.96159541,maize
192,26.16985907,71.96246617,79.84925393,maize
193,18.65396672,61.37879671,93.62039175,maize
194,26.07470121,59.37147589,85.75692395,maize
195,18.92851916,72.80086137,82.34162918,maize
196,23.30546753,63.24648023,108.7603001,maize
197,18.74826712,62.49878458,70.23401597,maize
198,19.74213321,59.66263104,65.50861389,maize
199,25.73044432,70.74739256,98.73771338,maize
200,29.48439992,63.19915325,71.89090748,blackgram
201,26.73433965,68.13999721,67.15096376,blackgram
202,26.27274407,62.28814857,70.23207557,blackgram
203,34.03679184,67.21113844,73.23573601,blackgram
204,28.03644051,65.06601664,72.49507741,blackgram
205,28.81460716,65.33538112,62.26242533,blackgram
206,34.03619494,64.28791388,66.85510868,blackgram
207,33.8642935,61.57072498,68.02199825,blackgram
208,32.84213012,68.68401492,73.67166182,blackgram
209,27.10053268,63.36085585,73.84949872,blackgram
210,25.65842532,61.18235808,69.28607828,blackgram
211,32.34744009,66.61452812,64.55882254,blackgram
212,29.58949031,68.32176769,67.53021213,blackgram
213,30.91219459,68.79427388,66.63830637,blackgram
214,28.12787838,64.2097765,70.86340755,blackgram
215,30.08545364,69.34811988,67.1367443,blackgram
216,31.74379487,62.51007687,68.97097538,blackgram
217,27.81326852,62.50460464,69.75555541,blackgram
218,32.88733849,64.59457409,71.50569456,blackgram
219,29.36358721,64.98742947,61.91208707,blackgram
220,27.82592799,67.58618829999999,74.01229707,blackgram
221,28.49538735,60.44848407,74.91559514,blackgram
222,27.74274761,68.53997144,71.78615328,blackgram
223,30.41588462,67.66323804,63.02473185,blackgram
224,27.3254209,69.09047809,61.19250859,blackgram
225,30.28496619,61.69295127,65.62859526,blackgram
226,28.56840626,61.53278622,63.49726331,blackgram
227,25.36586097,66.6379724,65.81655892,blackgram
228,34.9466155,65.26774011,70.1415139,blackgram
229,25.09737391,67.72837887,74.61649888,blackgram
230,32.47648301,64.34848735,65.82045699999999,blackgram
231,33.86351172,68.59232289,69.24464096,blackgram
232,25.19857725,60.37332688,70.88787207,blackgram
233,31.77681682,69.01852894,61.46892873,blackgram
234,34.89814946,63.59948557,64.72797143,blackgram
235,31.74105409,68.63525428,62.3061735,blackgram
236,27.16159076,66.76017239,69.85112265,blackgram
237,26.23773129,67.88521396,73.58663968,blackgram
238,30.20157245,60.06534859,66.37171179,blackgram
239,31.55846339,67.83563765,74.86960831,blackgram
240,29.67892453,69.0854554,65.66436565,blackgram
241,27.05365239,67.7017527,60.4693835,blackgram
242,34.63880966,61.38597868,72.43169115,blackgram
243,33.39438752,62.93692886,63.57445989,blackgram
244,28.84079155,63.37230676,70.25496749,blackgram
245,31.49338309,63.0563645,71.48327008,blackgram
246,25.54960633,63.95425534,63.1830529,blackgram
247,34.37329112,69.69366426,70.27184748,blackgram
248,34.600824700000004,63.11296779,60.41790253,blackgram
249,29.43463808,64.94329356,72.17818157,blackgram
250,29.10713092,67.90577375,67.83345933,blackgram
251,28.57006111,65.71765781,70.0866434,blackgram
252,27.54384835,69.3478631,69.40878198,blackgram
253,33.04687968,68.93875631,62.30278274,blackgram
254,33.95309131,69.96100028,61.16350463,blackgram
255,30.11873003,60.11680815,71.72980375,blackgram
256,29.57812712,66.17587668,69.43895491,blackgram
257,27.26458947,68.01232937,68.91754359,blackgram
258,31.35730791,64.24992106,63.85668948,blackgram
259,31.52104732,66.55723677,61.71111448,blackgram
260,29.39982732,64.25510719,67.47677295,blackgram
261,29.38400259,64.14928485,65.24194361,blackgram
262,28.38686534,61.88871127,74.24459122,blackgram
263,28.47442276,63.53604453,69.5274407,blackgram
264,30.64095781,61.14508627,71.36947525,blackgram
265,25.25596239,61.36669662,68.64685069,blackgram
266,32.97030511,60.18122078,73.44678678,blackgram
267,33.66855394,66.60416867,67.32520551,blackgram
268,32.83963757,67.99803573,73.40452716,blackgram
269,27.45853567,62.90020977,69.46020927,blackgram
270,25.68576704,69.84354028,74.62068748,blackgram
271,30.0328403,64.14800537,71.21006868,blackgram
272,28.20667264,68.27085245,64.32887142,blackgram
273,28.27265858,61.18956161,63.29900785,blackgram
274,28.541723600000005,64.2020154,69.68862306,blackgram
275,26.87187036,61.61367264,63.51822045,blackgram
276,32.79766751,68.77994074,64.11411069,blackgram
277,26.42333018,64.51136845,63.46546487,blackgram
278,29.79181107,63.38789228,63.02169909,blackgram
279,27.44003279,67.10464369,72.50669768,blackgram
280,34.1262979,65.14877461,70.40795007,blackgram
281,30.94908189,64.23364112,62.78730907,blackgram
282,28.75751783,61.02701476,73.37686831,blackgram
283,27.24766491,66.10123083,62.31842057,blackgram
284,28.63005477,66.770943,62.2737345,blackgram
285,26.41768321,63.64698302,64.42177127,blackgram
286,32.81705216,66.15665137,68.83924882,blackgram
287,29.6321052,65.91359954,71.16331975,blackgram
288,33.49077065,62.73317204,65.45328463,blackgram
289,31.86847286,66.74217464,74.22238583,blackgram
290,30.32992227,65.62971858,71.64631281,blackgram
291,28.546224,66.31394098,62.83469851,blackgram
292,30.02629908,67.88811637,66.47264636,blackgram
293,31.65531175,60.13263713,66.69096751,blackgram
294,30.33499674,63.54718862,74.16699119,blackgram
295,33.36984395,65.67718163,64.89517488,blackgram
296,31.4345059,62.99303471,64.77651469,blackgram
297,27.71678273,63.29103387,68.56507978,blackgram
298,32.63918668,61.3009051,61.83876146,blackgram
299,32.7477393,67.77954584,63.37784443,blackgram
300,28.05153602,63.49802189,43.35795377,lentil
301,19.44084326,63.27771461,46.83130119,lentil
302,29.84823072,60.63872613,46.80452595,lentil
303,21.36383757,69.92375891,46.6352865,lentil
304,26.28663931,68.51966729,46.13833007,lentil
305,22.17499963,62.13873825,53.46622584,lentil
306,26.57597546,60.97876599,50.89110726,lentil
307,26.58972517,66.14007674,50.90994463,lentil
308,19.1345771,62.57526895,36.46946971,lentil
309,28.75273118,69.15640149,35.15426171,lentil
310,25.78746268,60.2816298,49.14337177,lentil
311,23.89271875,61.78779413,52.55730112,lentil
312,28.67408774,63.18832976,42.96018627,lentil
313,28.42062847,61.77336343,49.02366803,lentil
314,21.35499456,62.60136323,41.78219834,lentil
315,21.12695586,63.18738532,38.71834464,lentil
316,24.02037872,61.62313345,49.78102578,lentil
317,25.40474421,65.8567539,51.92057267,lentil
318,29.03017561,64.49166566,54.93937710000001,lentil
319,20.21368219,68.65257685,50.89732989,lentil
320,29.19585548,68.01965728,44.93261911,lentil
321,18.29783597,69.6897615,49.39111479,lentil
322,27.41434987,63.41785982,44.43177543,lentil
323,24.84063998,60.09116626,48.77790371,lentil
324,29.94413861,67.31323084,40.37113729,lentil
325,25.87990287,67.55109024,47.89645224,lentil
326,20.0467711,65.84395319,46.05333124,lentil
327,22.99451999,66.70897237,54.49044154,lentil
328,25.13163619,66.92642362,49.04015558,lentil
329,28.49584395,62.44616219,53.14531023,lentil
330,18.28766124,69.48515056,48.60449438,lentil
331,24.38041875,61.18458224,53.13946695,lentil
332,21.31852148,66.43934593,45.42616802,lentil
333,18.54141834,62.70637578,44.07819743,lentil
334,25.28710601,60.85993533,49.37369982,lentil
335,25.43459777,69.12613376,41.02682925,lentil
336,28.83600962,69.76112921,44.08562546,lentil
337,27.37659643,63.93927841,49.47371773,lentil
338,28.31886863,60.19461399,45.36521251,lentil
339,27.4818649,62.04814951,37.81123974,lentil
340,18.28072173,68.10365387,48.80253285,lentil
341,27.61204997,69.29786244,42.72374404,lentil
342,23.43974653,63.22011726,45.40277297,lentil
343,20.95628486,63.68128841,52.39881209,lentil
344,23.7937153,68.03209183,49.73922097,lentil
345,22.6371424,65.44544859,38.30411077,lentil
346,21.53577883,65.47227704,35.75107592,lentil
347,29.87854588,65.73085206,44.95654782,lentil
348,25.2653291,67.10004577,48.33941188,lentil
349,25.17885316,68.93307305,35.03484812,lentil
350,24.12192608,61.09533545,44.23629285,lentil
351,23.33565221,67.40460704,36.18678721,lentil
352,21.74600081,63.39503184,50.43306085,lentil
353,27.60195453,63.46170674,54.37814199,lentil
354,24.388717,62.50453062,47.26052494,lentil
355,24.98287462,66.895409,38.21370568,lentil
356,28.234829,69.3159965,35.36831423,lentil
357,26.03026959,69.55863145,37.11395801,lentil
358,28.04849594,64.07691942,37.15824966,lentil
359,24.87425505,64.00213929,48.28137482,lentil
360,23.97081395,62.35557553,53.40906048,lentil
361,20.06003985,67.76252583,42.89509057,lentil
362,19.59221047,61.28633405,41.7704893,lentil
363,29.77013109,66.29327012,35.69674138,lentil
364,27.52135365,60.53657684,48.06491307,lentil
365,25.62896213,63.14909763,45.49683991,lentil
366,20.39078312,60.47528931,53.31508572,lentil
367,25.39038396,60.4989659,39.18374505,lentil
368,24.91079638,60.71367427,42.19740397,lentil
369,27.70496805,63.20915034,37.46160727,lentil
370,18.06486101,65.1034354,51.54922825,lentil
371,18.13027797,62.45851612,50.6128521,lentil
372,23.82723528,67.89815262,46.90725077,lentil
373,23.19305333,62.74710773,49.55213308,lentil
374,25.08966129,68.17543102,41.45486619,lentil
375,25.86928193,61.88321072,36.68284038,lentil
376,18.43966037,68.05394959,39.00992137,lentil
377,27.14911056,67.02664337,52.50812701,lentil
378,23.33375853,64.50515776,47.01510708,lentil
379,26.7230014,62.96841833,42.87274897,lentil
380,19.55750776,64.45268309,53.04669416,lentil
381,26.13708256,66.7729209,46.48280681,lentil
382,27.99990346,65.57653373,49.94043064,lentil
383,29.05941162,62.10652364,36.5011366,lentil
384,25.71269843,64.1123333,50.17067771,lentil
385,21.79792649,63.73086065,46.62370222,lentil
386,24.70626432,60.26854183,53.12442925,lentil
387,20.94981756,65.8108757,44.23913012,lentil
388,24.84918386,68.98088448,41.61080544,lentil
389,21.91041045,65.21662467,36.10211371,lentil
390,25.93381964,68.70533022,51.02372773,lentil
391,29.82112112,69.4073209,51.56461082,lentil
392,27.52185591,63.13215259,45.20841071,lentil
393,27.99627907,68.6428593,46.10585191,lentil
394,20.76774783,63.90164154,47.9271552,lentil
395,23.05276444,60.424786,52.60285259,lentil
396,21.65845777,63.58337146,38.07659414,lentil
397,26.25070298,67.62779652,40.8106299,lentil
398,20.97195263,63.83179889,53.10207889,lentil
399,23.89736406,66.32102048,40.74536757,lentil
400,29.36792366,76.24900101,92.82840911,banana
401,27.33368994,83.67675197,101.0494791,banana
402,27.40053601,82.96221306,104.9378,banana
403,29.3159075,80.11585705,90.10978128,banana
404,26.05433004,79.39654531,113.2297373,banana
405,25.86632408,84.42379269,114.5357503,banana
406,27.00932084,80.18546798,97.32531705,banana
407,29.55054817,78.06762846,99.34482238,banana
408,26.28845991,83.390039,113.8729798,banana
409,29.16226551,76.16151562,100.0075679,banana
410,28.65003945,82.68752542,98.75084366,banana
411,29.07311132,76.50045221,100.1692639,banana
412,28.08166093,75.26429821,118.2761894,banana
413,27.1994597,78.80860679999999,99.72430835,banana
414,28.05484146,78.04602887,108.3957179,banana
415,25.14748006,83.34688193,98.66679427,banana
416,25.94019018,78.3422098,119.84797,banana
417,27.66752761,79.68542782,108.66464,banana
418,25.56703012,75.94067692,102.7867717,banana
419,28.6956201,82.54195839,116.1616839,banana
420,26.33544853,76.8532006,118.6858263,banana
421,25.93730186,78.89864446,98.21747528,banana
422,25.13686519,84.88394407,91.46442491,banana
423,27.50527651,80.79783998,105.0776992,banana
424,26.21009246,82.34429458,112.0700033,banana
425,29.10403455,79.19588629,92.07835761,banana
426,29.244063800000003,77.32017166,90.66727868,banana
427,25.56202173,77.38229006,93.10247183,banana
428,26.3985515,81.36028902,98.16752001,banana
429,28.09577643,77.79586769,109.5408614,banana
430,27.84767901,83.31110751,117.2878912,banana
431,27.39341554,81.4654833,94.31102057,banana
432,25.14517635,81.38204104,119.218154,banana
433,28.65456263,79.28693687,102.4633775,banana
434,29.16093424,76.67484233,109.575944,banana
435,27.57278064,82.0638878,91.34276507,banana
436,25.40909896,82.36208097,112.9794804,banana
437,25.99069521,83.33983116,112.0777152,banana
438,26.29039046,81.06003778,118.6730366,banana
439,29.14827211,78.71024836,117.536781,banana
440,26.59743595,79.35898915,107.3944717,banana
441,25.36059237,75.03193255,116.5531455,banana
442,29.12036889,80.18080728,112.3982055,banana
443,27.53911354,77.25629897,110.3262123,banana
444,29.66727337,83.51014178,110.2511102,banana
445,25.05802193,84.97323747,110.4408803,banana
446,25.86824781,78.52399914,116.3019555,banana
447,25.85036988,81.95580471,119.08561709999998,banana
448,26.51682337,77.79913575,108.8547508,banana
449,28.66725136,79.59242542,118.2583441,banana
450,28.14938935,81.54448882,91.40508414,banana
451,26.42313317,83.69950440000001,95.12322062,banana
452,26.59386409,81.40740301,109.9825551,banana
453,27.71822477,76.57853189,102.2099836,banana
454,28.98333432,82.95958244,109.022564,banana
455,29.42017919,83.96754496,117.229079,banana
456,27.39872329,81.10523402,112.1355384,banana
457,26.4020227,84.41007614,111.0162259,banana
458,27.81251452,82.69285419,99.20961514,banana
459,25.19640218,83.55829874,115.8586081,banana
460,28.31193338,75.77363772,119.695765,banana
461,25.90113128,80.47152737,110.10323,banana
462,27.48612983,76.11239849,109.2768851,banana
463,29.38254012,83.50423735,109.2486647,banana
464,29.22118628,81.08183635,108.8616474,banana
465,27.09062164,81.33506906,110.1331182,banana
466,26.12643374,81.81365007,104.4812858,banana
467,29.01207743,77.95192527,90.43495443,banana
468,27.96799119,79.28625709,119.4765557,banana
469,28.0764455,76.05522115,118.99235729999998,banana
470,25.16278237,84.97849241,90.94554618,banana
471,25.78749808,84.51194224,114.2005455,banana
472,25.34119774,84.47321314,91.06493353,banana
473,29.44795403,78.34971537,96.45042585,banana
474,26.47522633,78.51833782,113.1161095,banana
475,27.39489579,83.31172003,92.78133617,banana
476,25.08347445,80.26173100000001,94.32961456,banana
477,26.671983500000003,76.48541655,91.73358569,banana
478,25.44926208,79.49221962,100.6619171,banana
479,28.22776705,80.64303840000001,98.00403016,banana
480,28.127950899999995,77.48247073,103.5045395,banana
481,28.9470467,82.1888998,95.83016448,banana
482,27.96236771,84.15403614,97.55986676,banana
483,28.00316034,78.90085998,94.68180316,banana
484,29.1400919,80.1190228,90.45142867,banana
485,27.9122104,83.36307683,90.24211529,banana
486,25.43480512,81.53977797,96.47800391,banana
487,28.55980972,84.51602322,111.0843029,banana
488,26.59580783,82.99556744,100.5123341,banana
489,27.19711623,77.39706290000001,99.46950465,banana
490,25.29391516,79.29122198,105.4220251,banana
491,29.90888522,76.98740841,91.99964712,banana
492,27.94972463,76.63713353,109.0921631,banana
493,25.01018457,78.76260938,108.3690513,banana
494,29.21144871,84.70189923,108.5501443,banana
495,27.35911627,84.54625006,90.81250457,banana
496,28.0106804,76.52808057,103.7040783,banana
497,28.67208915,82.20793613,94.37987496,banana
498,27.34585147,78.48738349999999,92.15524332,banana
499,29.50704598,78.20585613,98.12565829,banana
500,29.73770045,47.54885174,90.09586854,mango
501,33.55695561,53.72979826,98.67527561,mango
502,27.00315545,47.67525434,95.85118326,mango
503,33.56150184,45.53556603,95.70525913,mango
504,35.89855625,54.25964196,92.19721736,mango
505,34.17719782,50.62161586,98.00687989,mango
506,30.01592643,53.19212381,97.72843182,mango
507,31.74592134,45.16127859,93.75441586,mango
508,35.99009679,52.22780489,95.3713484,mango
509,31.86641378,52.19331595,98.46768642,mango
510,27.75518664,52.34605806,94.11213345,mango
511,34.72413192,51.4271781,97.31258083,mango
512,27.53907547,53.63549533,99.35408185,mango
513,27.69637763,48.56224879999999,89.85646496,mango
514,27.25373364,52.66319725,91.87312479,mango
515,30.33723921,48.88704844,94.42850522,mango
516,31.85744939,45.53106268,91.55845821,mango
517,35.39986338,49.45962621,97.41054011,mango
518,29.80747243,52.13797867,95.74606104,mango
519,34.16438906,54.16482251,98.33351125,mango
520,28.93270187,47.94053996,99.9834242,mango
521,27.98392787,53.33018851,99.61465679,mango
522,31.20478173,54.49960506,94.62954663,mango
523,32.13409675,50.52559148,98.63333684,mango
524,28.91862016,48.13974548,97.01331604,mango
525,31.09779147,47.41196659,90.28624348,mango
526,34.73823882,49.08864345,90.65022183,mango
527,29.98080499,49.48613279,91.82271568,mango
528,33.80398664,46.12866113,90.82549241,mango
529,30.07202564,50.96040505,92.09609766,mango
530,27.92063282,51.77965917,100.2585673,mango
531,31.40948821,49.21729127,92.99739415,mango
532,35.7877738,51.94190321,100.2160615,mango
533,33.36140093,45.02236377,98.81596545,mango
534,35.96054636,48.69677802,98.00644238,mango
535,28.33333307,51.39586505,91.67241761,mango
536,32.27652024,50.19368841,95.99487068,mango
537,31.99490489,50.84881347,97.38741498,mango
538,27.58258929,48.56916221,95.8445641,mango
539,29.38471637,45.88744691,100.8124659,mango
540,32.38697531,53.2328243,90.21633216,mango
541,30.91471455,49.92963856,90.14047759,mango
542,35.37775595,45.58110023,97.41586402,mango
543,32.32362177,52.58967710000001,93.36718816,mango
544,28.22373428,47.40519056,97.76832322,mango
545,27.27433181,47.16808054,95.257992,mango
546,27.10710832,50.70880979,92.37238878,mango
547,34.89226666,48.75613373,91.63074547,mango
548,33.7462686,48.50387598,92.26439205,mango
549,27.351105600000004,54.43945147,96.27792547,mango
550,32.89300162,52.61323969,94.49161372,mango
551,35.38598705,51.42664176,90.29643888,mango
552,27.552973600000005,47.90859131,90.40332704,mango
553,32.82141065,47.45553843,90.89173106,mango
554,30.17294105,51.0845903,95.23444287,mango
555,29.26382931,54.82257868,100.7586226,mango
556,32.06097197,51.08494181,96.59816497,mango
557,28.69818144,47.71875722,99.642454,mango
558,29.14305008,49.40983294,97.55155537,mango
559,28.347161100000005,53.53903102,90.40260445,mango
560,27.67256197,45.41692012,92.84991507,mango
561,28.1218093,46.16888595,93.30247448,mango
562,30.79375683,46.69536813,92.21318555,mango
563,28.89409382,54.80750249,94.76322976,mango
564,33.33024826,45.61143594,98.28583013,mango
565,27.78912455,53.96886679,91.01152997,mango
566,31.65333432,48.20662669,91.09745581,mango
567,29.75150773,46.73723302,91.405983,mango
568,31.32995611,50.22287593,89.78216168,mango
569,35.63627319,48.97047762,97.51952041,mango
570,31.66524687,51.98594645,89.98024312,mango
571,32.26935342,53.56092806,95.94035356,mango
572,27.81005614,51.59445462,95.89898581,mango
573,34.58561471,50.34035336,100.3060719,mango
574,31.27180992,52.23810152,89.74409017,mango
575,33.93679864,52.72170281,97.4611918,mango
576,31.09154239,47.02058367,91.46664318,mango
577,31.89356292,49.02450149,89.59371481,mango
578,32.45465292,50.69693751,95.04871605,mango
579,35.47478322,47.97230503,97.79072474,mango
580,27.32961444,49.30347234,93.53197359,mango
581,30.90225239,49.95955487,91.77522598,mango
582,29.09382275,45.5661059,96.23520043,mango
583,30.02086169,46.78393776,96.63721027,mango
584,34.13072188,51.25786185,96.38808001,mango
585,33.44619894,53.05980465,98.05089394,mango
586,35.3915464,52.48823147,91.22881052,mango
587,31.53356352,53.06009323,98.57025046,mango
588,30.764551500000003,47.93791463,90.38503469,mango
589,30.01821337,50.09831810000001,96.08745082,mango
590,31.32863689,47.59319575,94.67344737,mango
591,33.88004781,54.39416048,89.29147581,mango
592,28.07802689,54.9640534,97.45373619,mango
593,35.53845018,52.94641947,91.54560427,mango
594,28.70595247,50.44030129,95.8946444,mango
595,31.48451729,48.77926304,93.17221967,mango
596,27.69819273,51.41593238,100.7720705,mango
597,30.41235793,52.48100602,93.92375879,mango
598,32.17752026,54.01352682,91.88766069,mango
599,32.611261400000004,47.74916499,91.10190759,mango
600,29.99677232,81.54156612,67.12534492,grapes
601,30.7280404,82.42614055,68.38135469,grapes
602,32.44577836,83.88504863,68.73932528,grapes
603,37.46566825,80.65968681,66.83872293,grapes
604,22.03296178,83.74372787,65.34440794,grapes
605,39.64851881,82.21079946,70.39906054,grapes
606,16.77557314,82.75241875,66.76285469,grapes
607,12.14190714,83.56812483,69.63122027,grapes
608,12.7567962,81.62497448,66.77844567,grapes
609,39.04071989,80.18393287,73.88467027,grapes
610,39.70772192,82.68593454,74.91506217,grapes
611,9.467960445,82.29335466,66.02765219,grapes
612,29.58748357,80.91934392,68.06417307,grapes
613,17.82803682,80.96093443,65.84748763,grapes
614,8.825674745,82.89753705,67.235765,grapes
615,27.83487131,83.51444973,73.02882766,grapes
616,11.02105378,80.55557235,68.23963161,grapes
617,17.5862944,80.84806564,71.40654520000001,grapes
618,19.89363946,82.73366439,69.66256816,grapes
619,29.93707596,81.77713468,65.52279323,grapes
620,36.73126647,80.58931938,72.24230804,grapes
621,20.42094753,81.54185044,66.93065667,grapes
622,25.51939719,83.98351748,69.17281221,grapes
623,30.50734778,82.71775569,70.08200379,grapes
624,18.426993600000003,80.55625868,69.75734306,grapes
625,12.087022,83.59398734,68.66813363,grapes
626,23.60115364,82.48336987,73.23901752,grapes
627,12.80000387,81.20876367,67.10439401,grapes
628,38.06099482,82.24729637,65.70148216,grapes
629,39.06555518,82.03812973,69.30772897,grapes
630,33.78372897,81.16314317,74.53557341,grapes
631,16.76201707,82.00335557,73.28712806,grapes
632,35.89307536,82.66850729,66.53946559,grapes
633,21.01245395,81.17931863,66.38448261,grapes
634,10.89875873,80.01639435,68.69420397,grapes
635,16.36251869,83.00471609,71.55665483,grapes
636,20.28370163,81.32235739,71.06611222,grapes
637,25.11108456,83.25447587,73.01026829,grapes
638,33.4641162,83.86742974,67.92204319,grapes
639,11.7976469,80.86325389,65.06962486,grapes
640,11.36300891,80.03100049,71.18289431,grapes
641,25.23542319,80.68700527,67.03840888,grapes
642,15.99050693,81.23966573,74.40198861,grapes
643,22.4359017,80.18612085,65.3973168,grapes
644,34.76086052,81.03544763,65.70430027,grapes
645,31.11047251,83.34010951,71.43001582,grapes
646,28.57828803,80.95628959,73.34232097,grapes
647,41.18664903,81.01783402,68.68895899,grapes
648,27.02766138,83.17093908,70.95666003,grapes
649,21.19339319,82.33098331,74.62834921,grapes
650,10.38004759,83.44518113,67.39173790000001,grapes
651,31.3115978,82.56407013,65.01095312,grapes
652,20.46657776,80.97598029,71.29813872,grapes
653,29.36947679,81.53996362,66.13442813,grapes
654,10.72302459,80.02130636,65.29821120000001,grapes
655,14.97846952,80.49979873,71.63437433,grapes
656,15.3246651,81.67215994,71.60102999,grapes
657,18.73932187,81.12109244,73.55807954,grapes
658,19.3642553,83.36094029,67.15094741,grapes
659,41.20733624,81.61051026,65.90227462,grapes
660,33.34214482,82.51034633,70.68098614,grapes
661,23.81995682,80.12211649,67.27398640000001,grapes
662,40.66012294,81.24995984,74.03030056,grapes
663,11.82768186,80.2827185,74.10225057,grapes
664,13.28504331,83.54193816,65.80006004,grapes
665,35.83089092,83.32560104,73.67984885,grapes
666,26.18159716,81.03886263,66.05911698,grapes
667,24.57558351,80.70695797,69.706113,grapes
668,29.67229086,83.71498986,66.48490371,grapes
669,39.37102553,81.25353895,74.08101744,grapes
670,17.66558428,82.92903419,69.8671263,grapes
671,24.06679352,82.66396666,69.81855775,grapes
672,15.31413469,80.09711412,74.82144653,grapes
673,21.77466746,80.54942557,69.39630398,grapes
674,26.91624843,80.76838926,69.30927185,grapes
675,41.65602996,82.22118237,74.19664838,grapes
676,17.98667801,81.17712085,72.37127689,grapes
677,29.12033769,82.79092939,68.8503047,grapes
678,34.38922481,83.18392806,71.03001556,grapes
679,41.36106301,82.79782954,69.92107482,grapes
680,35.12158265,82.26890793,69.71518491,grapes
681,19.6491772,80.15215777,73.69529586,grapes
682,16.27852801,82.94270065,66.57462809,grapes
683,21.11903604,80.63399198,69.27779761,grapes
684,19.2077707,82.90428409999998,66.83113717,grapes
685,25.96308415,82.57813624,70.31782647,grapes
686,25.67385024,81.6212135,74.10919422,grapes
687,41.94865736,81.15595212,73.06862952,grapes
688,11.18994268,80.8084305,66.34234944,grapes
689,17.5438296,82.94703302,73.77063744,grapes
690,13.05809741,80.28297993,70.75633584,grapes
691,9.724457611,83.74765639,74.46411148,grapes
692,27.92004934,82.93262435,69.92092839,grapes
693,9.535585543,80.73112694,69.44115171,grapes
694,13.42988625,80.06633966,71.40043037,grapes
695,9.851242629,80.22631717,68.42802444,grapes
696,24.97256132,82.72828653,66.70016285,grapes
697,27.23708304,82.94573346,70.42508897,grapes
698,18.70679077,83.4795292,66.5964488,grapes
699,9.949929082,82.55138983,66.00817551,grapes
700,22.75088787,90.69489172,110.4317855,apple
701,23.8494014,94.34814995,114.0512495,apple
702,22.60800988,94.58900601,116.0396587,apple
703,21.18667419,91.13435689,122.233323,apple
704,23.41044706,91.69913296,116.07779309999998,apple
705,22.86006627,93.12859895,117.7296726,apple
706,22.48403042,93.40819246,105.5473627,apple
707,22.02775403,92.96129462,121.1349176,apple
708,21.91191314,91.68748063,117.0761277,apple
709,23.71059131,93.27392415,112.66765890000002,apple
710,21.37784654,92.72043743,106.1417017,apple
711,22.84852833,94.32130209,123.5977843,apple
712,23.1094265,92.79630809,108.183792,apple
713,23.25230817,94.54128292,105.3558408,apple
714,23.67287749,90.4935574,104.2298028,apple
715,23.76881552,90.59810302,102.2648546,apple
716,23.34386401,91.47684705,104.4267991,apple
717,22.63946441,90.18451645,108.3405879,apple
718,22.45696744,94.76285385,114.8407725,apple
719,22.96388477,93.58065995,104.64729859999998,apple
720,21.07273439,93.56585985,107.8737015,apple
721,22.44075021,92.70785115,121.4977331,apple
722,22.71271308,90.45261746,109.8852597,apple
723,21.70416965,93.44006288,115.1781396,apple
724,22.43324518,92.48667725,119.1025189,apple
725,21.25941052,92.84416234,109.06584709999998,apple
726,22.9215706,94.89613443,105.6941544,apple
727,22.81212536,91.51861705,107.855225,apple
728,21.12152071,90.6878768,102.8017203,apple
729,21.11478672,90.31528693,104.5086618,apple
730,23.59997268,90.97597665,107.17281909999998,apple
731,23.12652652,94.71203306,108.62118329999998,apple
732,22.98458907,93.3204487,122.1952483,apple
733,22.12659387,90.97818277,104.5412275,apple
734,22.53779727,91.48135786,101.8474768,apple
735,22.49095104,91.70292746,124.3915101,apple
736,22.35548159,94.47811755,116.7366261,apple
737,22.20700989,93.50574163,120.1593771,apple
738,22.44516988,94.73763514,107.1843273,apple
739,22.76643029,92.12438519,120.4359949,apple
740,22.19109412,90.02575116,112.3126628,apple
741,23.6119202,91.70293849,123.5900822,apple
742,23.86087054,94.92048112,105.0241329,apple
743,21.42177231,92.62665309,102.8045658,apple
744,22.36629253,90.78572467,124.9831618,apple
745,23.99686172,91.61001707,117.6102915,apple
746,21.80129837,92.73446667,120.05866709999998,apple
747,23.80436344,92.80441624,100.6192543,apple
748,23.71475278,91.53331177,121.8961665,apple
749,23.34467359,90.37981478,112.8954016,apple
750,22.31253665,90.03577124,113.0688155,apple
751,23.50201428,92.21083961,107.9868949,apple
752,23.46260321,91.45665004,111.7763395,apple
753,23.06204373,92.39544055,114.7399101,apple
754,22.47420512,91.22759742,124.2179699,apple
755,22.69780133,92.82223419,105.0508234,apple
756,23.66682067,93.90191078,105.4004751,apple
757,22.50050273,92.45878335,100.9343903,apple
758,23.83053666,90.84422164,109.5966791,apple
759,23.64142354,93.74461474,116.6912176,apple
760,21.41363812,92.99124545,118.3979065,apple
761,22.85267372,94.57645809999998,117.53140259999998,apple
762,22.98208095,93.84505029,109.5852253,apple
763,21.19909519,90.80819418,103.6838922,apple
764,23.87192332,90.49939035,103.0548094,apple
765,21.0365275,94.33919546,114.7412734,apple
766,22.61711614,93.51978375,116.9256766,apple
767,21.45278675,90.74531921,116.7036582,apple
768,22.81227579,92.12992101,109.3383552,apple
769,21.98141856,91.12719303,115.4789148,apple
770,22.52709326,92.54780429,115.3830068,apple
771,22.35628673,91.92360477,107.7697413,apple
772,21.19852186,92.15595143,105.8554351,apple
773,23.8812458,93.45067555,104.9116663,apple
774,22.78234161,94.36803516,122.1449949,apple
775,22.19055385,92.43764169,121.6622761,apple
776,22.91430043,90.70475565,118.6044645,apple
777,23.08950736,90.22507299,108.2166601,apple
778,21.72484506,92.83975602,121.6961761,apple
779,22.44307715,91.59234006,102.5565807,apple
780,21.1316077,91.95769858,122.5391946,apple
781,22.71750705,92.25479855,107.0289866,apple
782,23.75033085,92.88160462,117.6602827,apple
783,23.76121837,93.661643,100.825956,apple
784,22.13450646,94.67695747,112.9203223,apple
785,21.17089176,90.23730166,123.6495149,apple
786,22.36238282,91.15761594,118.68327250000002,apple
787,22.77856513,92.70124029,113.7759219,apple
788,21.22503442,90.09877774,113.9760462,apple
789,23.15791104,90.34396882,110.712841,apple
790,22.42776057,93.91722423,102.7230739,apple
791,23.64082979,90.95257927,116.7431319,apple
792,22.29423493,90.69033986,122.7418744,apple
793,23.35225078,90.90054697,113.0381382,apple
794,22.03911546,94.58075845,110.9804014,apple
795,23.80593812,92.48879468,119.6335548,apple
796,22.31944084,90.85174383,100.1173443,apple
797,22.14464104,93.82567435,120.6310784,apple
798,23.65167552,94.50528753,115.3611268,apple
799,22.16939473,90.27185592,124.4683112,apple
800,15.78144173,92.51077745,119.035002,orange
801,26.03097313,91.50819306,101.2847738,orange
802,13.36050601,91.35608208,111.2266885,orange
803,18.87957654,92.04304496,114.6659511,orange
804,29.47741671,91.57802915,111.1727497,orange
805,28.06903173,92.91487288,114.1339416,orange
806,25.66901098,92.04670813,112.5424199,orange
807,29.77149434,92.00719952,114.41617859999998,orange
808,30.55472573,90.90343769,106.0711985,orange
809,23.96147583,90.26408017,102.6958703,orange
810,23.98289638,91.5473145,118.4901697,orange
811,25.26052689,90.31153735,117.36952959999998,orange
812,31.08368929,90.14362642,109.6894658,orange
813,14.78003032,91.22062116,100.1961762,orange
814,26.56608303,94.45239715,116.3796525,orange
815,24.85903405,94.39000473,111.78037340000002,orange
816,34.51465139,93.63812684,103.5684926,orange
817,24.12188673,90.72351622,102.835632,orange
818,23.85340379,90.10522549,103.923226,orange
819,24.60297538,91.28408653,111.2948115,orange
820,15.63211033,94.25966183,101.4705704,orange
821,19.33516809,91.97978938,116.450422,orange
822,28.2620488,91.98317355,105.2132259,orange
823,22.67594476,93.36348717,110.3332655,orange
824,21.03200078,92.9641969,110.6823944,orange
825,33.23453301,91.06053924,115.7659902,orange
826,22.30318989,92.15987039,117.3688104,orange
827,11.50322938,94.8933184,115.56837759999998,orange
828,14.34320488,94.35734702,110.22231229999998,orange
829,33.105698100000005,93.48447453,119.1709113,orange
830,30.49183837,90.4582865,113.3302105,orange
831,30.25578031,92.03272799,116.7173125,orange
832,12.22816189,90.26457428,108.4161706,orange
833,10.01081312,90.22399223,119.3941064,orange
834,22.79196751,90.60901895,116.5084074,orange
835,20.18432263,90.65458473,116.8130969,orange
836,30.72119881,94.01331956,106.8118019,orange
837,24.35590861,92.39651663,119.6946577,orange
838,21.21306973,91.35349216,112.9834361,orange
839,10.78689755,91.38411917,117.5293447,orange
840,11.89925671,91.34663797,103.5771468,orange
841,22.56664172,93.37488907,109.8585753,orange
842,18.86883219,93.24688124,119.3936976,orange
843,17.34083741,93.04897191,112.7194284,orange
844,34.90665289,92.87820148,102.1906333,orange
845,24.53610067,91.90997228,115.9787989,orange
846,13.8377282,91.74780462,107.9873218,orange
847,22.3551049,93.52211892,101.5164589,orange
848,34.74004942,93.12316972,100.1967854,orange
849,11.54785707,94.14861001,108.82891709999998,orange
850,23.13338811,91.94670335,104.4224145,orange
851,29.98364695,94.55239717,115.3560318,orange
852,20.87947369,90.93756231,102.4550786,orange
853,17.24944623,91.13772765,112.50905159999998,orange
854,15.83388699,91.68293851,109.7571416,orange
855,23.01014302,91.11764246,112.6738296,orange
856,16.39624284,92.18151927,102.944161,orange
857,24.45132792,93.10527686,109.4711098,orange
858,31.87859192,91.15248149,105.3437825,orange
859,31.34920143,91.48247612,109.1549823,orange
860,18.05142392,90.03969587,111.7793889,orange
861,30.84835031,92.86773675,107.4142681,orange
862,22.45616931,91.52781832,118.0069295,orange
863,13.70319166,90.95589386,106.2944879,orange
864,20.48954522,93.72485075,111.83919509999998,orange
865,13.20844373,94.02769434,106.2696156,orange
866,32.31944397,93.67804556,117.6236473,orange
867,20.68185224,90.91510525,109.7513927,orange
868,31.52675982,90.50621806,113.1169398,orange
869,25.35467646,91.81183218,116.7555937,orange
870,17.66545409,91.69865887,110.6857506,orange
871,12.59093977,91.81668769,119.39167179999998,orange
872,11.86631922,93.68394562,106.060149,orange
873,11.03367937,92.22706805,112.7715925,orange
874,25.2990432,94.96419851,117.9733424,orange
875,32.23797837,90.15406807,104.7052254,orange
876,17.68408797,94.35815354,108.0638166,orange
877,10.2708877,90.19147747,106.69552040000002,orange
878,17.22034507,94.78797376,108.0054343,orange
879,19.667056,90.50096668,100.1737964,orange
880,10.35609594,93.75652041,101.1456947,orange
881,27.255435,91.71369387,101.139435,orange
882,34.591784600000004,92.13229786,115.5650287,orange
883,32.39523995,94.51768464,113.25373,orange
884,10.16431299,91.22320999,106.362551,orange
885,21.49118657,93.43949693,101.4819888,orange
886,16.53460397,94.76759975,110.0447896,orange
887,31.852069399999998,90.12220323,109.9455062,orange
888,28.04799508,90.00621688,117.1311498,orange
889,31.75048899,94.59551226,115.1989301,orange
890,29.07412717,93.27189064,100.7896871,orange
891,19.14381903,90.71037456,108.0230792,orange
892,16.14820285,91.4448027,107.4287664,orange
893,34.05296914,92.05811721,116.8020848,orange
894,34.51423957,90.56151463,118.32719679999998,orange
895,32.71748548,90.54608254,113.328978,orange
896,25.16296632,92.54736032,114.3117197,orange
897,27.68167318,94.47316879,113.9995146,orange
898,21.35093384,90.9492967,107.0862095,orange
899,11.69894639,93.25638873,103.2005992,orange
900,35.21462816,91.49725058,243.0745066,papaya
901,42.39413392,90.79028064,88.46607497,papaya
902,38.4191628,91.14220381,119.2653877,papaya
903,35.33294932,92.11508608,235.6133585,papaya
904,42.92325255,90.07600528,196.2408242,papaya
905,33.83508569,92.85470152,203.4044028,papaya
906,33.20258348,92.76437927,197.5282582,papaya
907,23.48546973,93.71043692,191.7760562,papaya
908,29.33710543,90.81781439,202.0572747,papaya
909,40.21199348,94.50766912,186.6762324,papaya
910,42.13473976,91.70445386,197.402901,papaya
911,32.86316618,91.4618874,47.271547,papaya
912,29.80744318,91.38048469,232.7046126,papaya
913,31.56213762,93.0484859,63.62250788,papaya
914,36.32268069,93.06134398,141.1736926,papaya
915,37.13165026,94.60761797,172.47880619999998,papaya
916,38.4418717,93.63739039,77.71566883,papaya
917,32.66160599,90.78931681,78.85085502,papaya
918,27.92765919,91.55594211,149.91075569999998,papaya
919,39.01793345,91.48815629,105.8841531,papaya
920,32.51247398,94.65904123,51.07048113,papaya
921,38.72382798,91.72514851,62.62377075,papaya
922,43.30204933,92.83405443,110.562229,papaya
923,27.58548913,90.72526502,238.5008779,papaya
924,40.78881819,92.90951393,132.7923586,papaya
925,23.19451074,91.40301608,206.3999208,papaya
926,32.68067385,92.61715632,248.8592986,papaya
927,34.28879307,93.61082872,127.2509777,papaya
928,39.30050027,94.16193416,120.9512466,papaya
929,39.73149053,91.12220596,122.7628653,papaya
930,39.23342464,91.25589286,64.4478499,papaya
931,27.34734861,94.17756725,40.35153141,papaya
932,40.76998685,92.09278584,209.8678411,papaya
933,26.26559543,90.79668055,59.49373381,papaya
934,28.12971499,93.3210737,117.8201907,papaya
935,34.2804607,90.55561637,98.54047745,papaya
936,33.7960155,93.00754254,182.026807,papaya
937,31.53243779,90.87394933,207.0735119,papaya
938,42.30495821,90.51431779,74.876786,papaya
939,24.63676897,90.61964344,218.2299187,papaya
940,28.28222883,91.37059792,179.27208069999998,papaya
941,24.48620746,92.98254537,183.49095,papaya
942,42.84609252,94.63548176,78.80996390000001,papaya
943,43.67549305,93.10887229,103.8235658,papaya
944,42.07213781,92.92203105,165.7412972,papaya
945,33.46873719,92.12746225,136.8277041,papaya
946,31.7018373,91.66232213,48.83810592,papaya
947,41.41968393,90.03863107,199.3096432,papaya
948,42.54744013,94.94482086,214.41038480000003,papaya
949,28.91842453,94.63676767,63.68794608,papaya
950,43.08022702,93.90305729,211.8529059,papaya
951,29.20300896,93.96834049,209.4083305,papaya
952,41.04224355,91.37258067,181.527598,papaya
953,25.62446619,93.18240298,97.26336657,papaya
954,35.32876402,91.06138506,163.9069365,papaya
955,24.42561272,92.27749066,63.35298768,papaya
956,31.18298415,90.21646909,54.01872359,papaya
957,31.88342554,91.3256535,79.27201575,papaya
958,42.93368602,91.1756748,246.36132680000003,papaya
959,23.11407669,94.31994776,231.5153161,papaya
960,24.87212063,93.90560147,135.16945249999998,papaya
961,43.36051537,93.35191636,114.778071,papaya
962,26.83054058,90.75379971,144.66564440000002,papaya
963,30.42012134,93.12659793,75.95295,papaya
964,28.64555584,93.22642604,115.8163936,papaya
965,32.50037548,93.47888842,71.73759526,papaya
966,43.03714283,94.6428898,41.5856585,papaya
967,30.10773379,90.34546355,75.24521981,papaya
968,23.69212243,93.61055571,87.53393983,papaya
969,35.67667332,93.30641944,141.3381168,papaya
970,27.71948962,94.43877142,82.83061083,papaya
971,35.26824831,92.38282957,149.8488208,papaya
972,23.16855863,90.78821158,161.68920930000002,papaya
973,33.08706051,92.25197542,88.1300769,papaya
974,37.4620912,90.44967809,172.3458448,papaya
975,38.73218907,94.73613484,218.142147,papaya
976,32.57720726,92.74889453,93.7942847,papaya
977,38.38231475,93.10378595,210.2735346,papaya
978,42.93605359,90.09448142,234.8466111,papaya
979,25.65492304,92.74501561,52.95477913,papaya
980,37.58899717,91.99740365,159.6577388,papaya
981,29.60718808,93.15642801,62.68710535,papaya
982,25.34756111,93.02871078,174.40123369999998,papaya
983,25.9300384,93.02357765,241.8202079,papaya
984,32.76795887,94.57377401,240.4795923,papaya
985,29.02328049,90.20396783,126.8069869,papaya
986,40.00439101,90.17015833,92.11877372,papaya
987,33.32315744,91.25271223,234.496633,papaya
988,31.22790131,94.94021378,46.44279118,papaya
989,26.68386496,92.9585411,62.50689682,papaya
990,24.70528368,90.14732171,108.4103158,papaya
991,38.2016825,93.97379963,218.09088140000003,papaya
992,36.56769731,93.79503425,104.4218596,papaya
993,26.05375792,93.69111672,240.6863901,papaya
994,31.29986342,92.76039164,54.77830202,papaya
995,40.10207731,94.35110201,149.1199989,papaya
996,38.58954491,91.58076549,102.2708231,papaya
997,41.31330062,91.1508798,239.7427554,papaya
998,37.03551903,91.79430166,188.5181422,papaya
999,23.012401800000003,91.07355541,208.3357976,papaya
1000,25.52468965,72.24850829,151.8869972,jute
1001,26.59104992,82.94164078,161.2469997,jute
1002,25.29781791,86.88705350000001,196.6249511,jute
1003,25.72100868,88.16513579,175.60866969999998,jute
1004,23.58419277,72.00460848,190.4242157,jute
1005,25.31042337,72.01364411,190.5577618,jute
1006,23.41798979,85.08640476,185.7446728,jute
1007,24.35564134,88.80391021,169.11680280000002,jute
1008,26.284017,75.14640198,182.2685447,jute
1009,25.13842773,83.12053888,169.33884650000002,jute
1010,24.88692811,71.91711523,150.2498675,jute
1011,25.75734909,88.36668522,189.4263485,jute
1012,23.12844351,74.68322732,199.83629130000003,jute
1013,24.9949957,88.95692783,151.4935635,jute
1014,25.21622704,70.88259632,195.8645552,jute
1015,24.39736241,79.26861738,164.2697011,jute
1016,23.31410442,71.4509053,164.49703730000002,jute
1017,25.72668885,81.86171563,191.9649389,jute
1018,26.96656378,78.21047693,169.8391177,jute
1019,23.70467146,74.63745355,181.2783964,jute
1020,24.90075709,73.84186449,153.8990984,jute
1021,23.39605743,72.60512854,174.78764109999997,jute
1022,26.8748389,79.78725152,173.1017097,jute
1023,23.1426498,74.99739774,151.9035477,jute
1024,24.29496635,77.62976013,184.9800516,jute
1025,24.39459498,89.89106506,197.1220049,jute
1026,25.7629429,80.76238215,174.5071843,jute
1027,25.4879684,84.48235878,168.7848886,jute
1028,25.37122686,76.2403666,183.8270791,jute
1029,26.21312799,81.70476368,180.1237765,jute
1030,24.30748599,78.54340987,186.2337571,jute
1031,23.76554749,87.98329901,150.31661519999997,jute
1032,24.79853023,78.53037059,162.2847429,jute
1033,23.20683504,74.09956958,199.4766779,jute
1034,23.66805429,70.89000744,184.4633281,jute
1035,25.12417673,85.72530641,159.5718087,jute
1036,23.89069041,83.46409075,167.72306319999998,jute
1037,23.09433785,81.45139295,196.6587013,jute
1038,24.21744605,82.85284045,166.13658859999998,jute
1039,24.06475727,71.31342851,153.63902119999997,jute
1040,24.85441411,74.44070479999999,175.572958,jute
1041,26.41915161,76.85691248,197.2101782,jute
1042,24.89326318,77.01222585,196.469984,jute
1043,23.25583402,82.7015932,166.2160846,jute
1044,24.7634518,87.06071115,179.1630865,jute
1045,24.97042599,78.62697699,166.6415254,jute
1046,26.12797248,80.49172597,150.6326874,jute
1047,25.97825807,81.65769588,163.3488091,jute
1048,26.2830571,73.35763537,186.6898282,jute
1049,26.38905406,83.31240346,176.1516409,jute
1050,25.2746335,73.7459581,168.0432282,jute
1051,23.09499564,78.45959697,155.3851533,jute
1052,25.79351957,81.76904006,193.2418382,jute
1053,23.17403323,87.88255345,160.6217342,jute
1054,25.63215038,79.95150917,182.2582277,jute
1055,25.848795000000003,87.81661683,152.6194403,jute
1056,26.56767277,80.90424543,181.2915605,jute
1057,26.24532085,72.97198375,189.9711184,jute
1058,26.91515043,73.19897535,177.22330480000002,jute
1059,24.36972377,82.11319791,159.92109340000002,jute
1060,25.71901283,79.15532398,187.1735424,jute
1061,25.01157559,88.33130229999999,169.4168014,jute
1062,25.40785911,76.44048625,188.6372826,jute
1063,23.28081,74.27607475,153.7447398,jute
1064,23.98651719,82.09053379,167.0576456,jute
1065,24.48556447,83.20630007,192.2316221,jute
1066,25.86705009,84.09985284,154.83908469999997,jute
1067,23.5643831,79.46283115,185.25947,jute
1068,24.2248758,74.89465426,192.4931257,jute
1069,25.49386782,86.97061481,176.5268267,jute
1070,24.97178693,79.47557931,195.7571622,jute
1071,24.80624984,82.09281674,156.3616174,jute
1072,23.16814977,76.66724969,157.1215052,jute
1073,24.25133493,89.86454053,175.1742112,jute
1074,26.58361011,78.00774772,154.8238864,jute
1075,26.82489244,78.20392774,153.91998069999997,jute
1076,25.49674786,81.13449097,169.92882340000003,jute
1077,24.09874353,80.57226761,176.8604109,jute
1078,23.18866654,86.20899734,176.103677,jute
1079,26.24347471,78.51063754,183.4065252,jute
1080,23.75091572,71.14782585,160.0889553,jute
1081,26.13871511,79.1188943,171.4892533,jute
1082,26.14576648,71.23690851,193.1007598,jute
1083,26.91643698,73.48655995,171.4716375,jute
1084,26.5232969,77.17331847,157.8548562,jute
1085,23.81579631,80.94023552,190.312216,jute
1086,26.50838667,86.84264005,152.9801697,jute
1087,26.63952463,70.95705996,199.3355744,jute
1088,23.325013100000003,79.79609448,187.3096148,jute
1089,26.47549543,73.96164569,180.2513601,jute
1090,23.78756036,74.36794079,172.64426540000002,jute
1091,25.49941707,75.99987588,193.71418280000003,jute
1092,23.24925555,73.65346838,184.7674863,jute
1093,26.98582182,89.05587886,193.8778713,jute
1094,23.61475336,86.14290267,150.2355238,jute
1095,23.87484465,86.79261344,177.5147313,jute
1096,23.92887902,88.07112278,154.6608736,jute
1097,24.81441246,81.68688879,190.7886386,jute
1098,24.44743944,82.286484,190.9684885,jute
1099,26.57421679,73.81994896,159.3223075,jute
1100,26.33377983,57.36469955,191.6549412,coffee
1101,26.45288458,55.32222678,144.68613359999998,coffee
1102,25.70822684,52.88667115,136.73250919999998,coffee
1103,24.12832546,56.18107663,147.27578180000003,coffee
1104,23.44372334,60.39523266,122.2103248,coffee
1105,23.4123707,52.26994674,139.3670753,coffee
1106,23.05951896,50.40609436,164.4971875,coffee
1107,23.07895447,63.65861483,129.8765443,coffee
1108,27.6496114,51.11044023,122.8392822,coffee
1109,25.46743689,69.35161206,171.37644619999998,coffee
1110,26.7350622,55.55164819,140.63052130000003,coffee
1111,26.20811417,52.50987966,189.0944824,coffee
1112,27.0424167,57.27927475,165.6872119,coffee
1113,24.65090184,51.93952357,135.1386537,coffee
1114,27.35152643,55.99375012,148.98125249999998,coffee
1115,25.17787724,62.26244581,135.0119649,coffee
1116,23.11438731,68.00096043,161.8944624,coffee
1117,27.22783677,52.95261751,175.7260273,coffee
1118,23.26316991,60.51600210000001,194.1755471,coffee
1119,25.234661,57.53161469,124.2261737,coffee
1120,25.59535262,57.72920846,195.7733251,coffee
1121,25.5674832,60.49244602,190.2257843,coffee
1122,25.67324193,51.29043632,196.2736367,coffee
1123,24.40726724,62.65692638,148.6977358,coffee
1124,23.69287069,66.76090123,144.6576424,coffee
1125,24.53460016,66.99765375,180.5059257,coffee
1126,27.13140403,52.89368299,192.4280381,coffee
1127,27.56088634,68.49299897,167.43580749999998,coffee
1128,23.59302313,55.27564977,191.3980675,coffee
1129,23.17714381,52.13864034,117.3113562,coffee
1130,24.71384065,51.29142534,197.6439711,coffee
1131,24.38534644,64.72543073,119.6324109,coffee
1132,27.15998538,51.59100753,126.1752206,coffee
1133,26.53543168,67.09608099,120.6494434,coffee
1134,27.01207284,60.76645256,191.4508931,coffee
1135,27.55906475,58.45742907,117.9389993,coffee
1136,23.32293161,53.00366334,168.26442869999997,coffee
1137,24.23850608,54.30329632,115.1564012,coffee
1138,23.42611644,64.10651528,122.6847408,coffee
1139,26.02241444,55.83288958,176.90209240000002,coffee
1140,24.83846178,56.7685316,124.4135035,coffee
1141,26.24092174,65.64381357,148.37712019999998,coffee
1142,24.43011925,66.02411187,181.6368274,coffee
1143,26.00373964,62.144510200000006,153.477776,coffee
1144,26.22367404,62.26594559,193.7461968,coffee
1145,27.09617155,63.55324262,190.2440566,coffee
1146,25.64004392,61.03273481,199.4735636,coffee
1147,27.74576987,54.36976075,139.8619431,coffee
1148,26.24928198,54.28617819,133.1120232,coffee
1149,26.67377159,52.24226285,156.15438980000002,coffee
1150,27.10210397,55.74973320000001,139.5013171,coffee
1151,27.62975458,61.26002598,196.6492664,coffee
1152,27.536454700000004,55.51673151,130.6377143,coffee
1153,23.56960509,50.56339727,130.3797119,coffee
1154,24.99451759,57.93250202,192.8736822,coffee
1155,27.56441788,54.41094079,177.816092,coffee
1156,23.98143338,61.10935084,161.5279095,coffee
1157,24.22984659,67.37768353,122.4073418,coffee
1158,25.60153969,68.66257977,168.8383605,coffee
1159,24.31274458,53.57285558,184.4103931,coffee
1160,26.36629861,52.25738495,177.31761609999998,coffee
1161,26.5602777,57.1621814,152.0616227,coffee
1162,26.35034208,58.50650238,121.5586297,coffee
1163,25.20406808,57.88370456,156.1457255,coffee
1164,23.35723208,55.18792166,171.6976946,coffee
1165,23.60567546,59.68849145,185.1568059,coffee
1166,24.18471151,69.94807345,163.27087319999998,coffee
1167,26.44414097,53.83876189,175.3723314,coffee
1168,26.12492233,63.37479229,147.8035305,coffee
1169,27.77363343,64.47858698,192.7121236,coffee
1170,25.55656667,62.67087838,193.5866233,coffee
1171,27.92374437,67.96910852,115.2325531,coffee
1172,26.05968403,52.31098539,161.3432535,coffee
1173,26.35770906,64.57578034,163.62694960000002,coffee
1174,24.91370487,54.15319242,129.5481144,coffee
1175,27.31317116,68.42333909999999,192.4288139,coffee
1176,26.1387869,52.26311691,136.3027766,coffee
1177,23.1069385,67.06230539,162.57696059999998,coffee
1178,23.52648086,68.44030686,171.8839938,coffee
1179,25.11711046,68.48030408,194.8773479,coffee
1180,24.02952505,58.84880599,134.6803969,coffee
1181,26.70897548,69.71184111,158.86088869999998,coffee
1182,26.71717393,50.50148528,126.8073984,coffee
1183,24.59245684,56.46829641,137.70440469999997,coffee
1184,27.51006055,50.66687215,143.9955548,coffee
1185,27.57847581,58.52534263,156.6810374,coffee
1186,26.65069302,57.56695719,145.105065,coffee
1187,26.97251562,62.0183627,142.8610793,coffee
1188,23.17124551,52.97841162,153.12016440000002,coffee
1189,23.52652084,65.44340921,186.1728203,coffee
1190,27.30901814,55.196224,141.48316440000002,coffee
1191,27.54823036,62.88179198,181.4170812,coffee
1192,25.627355,57.04151119,188.5506536,coffee
1193,23.29250318,50.04557009,183.468585,coffee
1194,24.91461008,53.74144743,166.2549307,coffee
1195,26.77463708,66.4132686,177.7745075,coffee
1196,27.41711238,56.63636248,127.92461000000002,coffee
1197,24.13179691,67.22512329,173.32283859999998,coffee
1198,26.2724184,52.12739421,127.1752928,coffee
1199,23.60301571,60.39647474,140.9370415,coffee
