,N,P,K,temperature,humidity,rainfall,label
0,90,42,43,20.87974371,82.00274423,202.9355362,11
1,85,58,41,21.77046169,80.31964408,226.6555374,11
2,60,55,44,23.00445915,82.3207629,263.9642476,11
3,74,35,40,26.49109635,80.15836264,242.8640342,11
4,78,42,42,20.13017482,81.60487287,262.7173405,11
5,69,37,42,23.05804872,83.37011772,251.0549998,11
6,69,55,38,22.70883798,82.63941394,271.3248604,11
7,94,53,40,20.27774362,82.89408619,241.9741949,11
8,89,54,38,24.51588066,83.5352163,230.4462359,11
9,68,58,38,23.22397386,83.03322691,221.2091958,11
10,91,53,40,26.52723513,81.41753846,264.6148697,11
11,90,46,42,23.97898217,81.45061596,250.0832336,11
12,78,58,44,26.80079604,80.88684822,284.4364567,11
13,93,56,36,24.01497622,82.05687182,185.2773389,11
14,94,50,37,25.66585205,80.66385045,209.5869708,11
15,60,48,39,24.28209415,80.30025587,231.0863347,11
16,85,38,41,21.58711777,82.7883708,276.6552459,11
17,91,35,39,23.79391957,80.41817957,206.2611855,11
18,77,38,36,21.8652524,80.1923008,224.5550169,11
19,88,35,40,23.57943626,83.58760316,291.2986618,11
20,89,45,36,21.32504158,80.47476396,185.4974732,11
21,76,40,43,25.15745531,83.11713476,231.3843163,11
22,67,59,41,21.94766735,80.97384195,213.3560921,11
23,83,41,43,21.0525355,82.67839517,233.1075816,11
24,98,47,37,23.48381344,81.33265073,224.0581164,11
25,66,53,41,25.0756354,80.52389148,257.0038865,11
26,97,59,43,26.35927159,84.04403589,271.3586137,11
27,97,50,41,24.52922681,80.54498576,260.2634026,11
28,60,49,44,20.77576147,84.49774397,240.0810647,11
29,84,51,35,22.30157427,80.64416466,197.9791215,11
30,73,57,41,21.44653958,84.94375962,272.2017204,11
31,92,35,40,22.17931888,80.33127223,200.0882787,11
32,85,37,39,24.52783742,82.73685569,224.6757231,11
33,98,53,38,20.26707606,81.63895217,270.4417274,11
34,88,54,44,25.7354293,83.88266234,233.1321372,11
35,95,55,42,26.79533926,82.1480873,193.3473987,11
36,99,57,35,26.75754171,81.17734011,272.2999056,11
37,95,39,36,23.86330467,83.15250801,285.2493645,11
38,60,43,44,21.01944696,82.95221726,298.4018471,11
39,63,44,41,24.17298839,83.7287574,257.0343554,11
40,62,42,36,22.78133816,82.06719137,248.7183228,11
41,64,45,43,25.62980105,83.52842314,209.9001977,11
42,83,60,36,25.59704938,80.14509262,200.834898,11
43,82,40,40,23.83067496,84.81360127,298.5601175,11
44,85,52,45,26.31355498,82.36698992,265.5355937,11
45,91,35,38,24.8972823,80.52586088,183.6793207,11
46,76,49,42,24.958779,84.47963372,196.9560008,11
47,74,39,38,23.24113501,84.59201843,233.0453455,11
48,79,43,39,21.66628296,80.70960551,210.8142087,11
49,88,55,45,24.63544858,80.41363018,253.7202781,11
50,60,36,43,23.43121862,83.06310136,219.9048349,11
51,76,60,39,20.0454142,80.3477562,208.5810155,11
52,93,56,42,23.85724032,82.22572988,195.0948311,11
53,65,60,43,21.97199397,81.89918197,227.3637009,11
54,95,52,36,26.22916897,83.83625819,286.5083725,11
55,75,38,39,23.44676801,84.79352417,283.9338466,11
56,74,54,38,25.65553461,83.47021081,217.3788583,11
57,91,36,45,24.44345477,82.45432595,267.9761948,11
58,71,46,40,20.2801937,82.1235421,191.9535738,11
59,99,55,35,21.7238313,80.2389895,277.9626192,11
60,72,40,38,20.41447029,82.20802629,245.1511304,11
61,83,58,45,25.75528612,83.51827127,245.6626799,11
62,93,58,38,20.61521424,83.77345559,279.5451717,11
63,70,36,42,21.84106875,80.72886384,202.3838319,11
64,76,47,42,20.08369642,83.29114712,263.6372176,11
65,99,41,36,24.45802087,82.74835604,182.5616319,11
66,99,54,37,21.14347496,80.33502926,198.6730942,11
67,86,59,35,25.78720567,82.11124033,243.5120414,11
68,69,46,41,23.64124821,80.28597873,263.1103304,11
69,91,56,37,23.43191632,80.56887849,269.5039162,11
70,61,52,41,24.97669518,83.891805,204.8001847,11
71,67,45,38,22.72791041,82.1706881,260.8875056,11
72,79,42,37,24.87300744,82.84022551,295.6094492,11
73,78,43,42,21.32376327,83.00320459,192.3197536,11
74,75,54,36,26.29465461,84.56919326,257.4914906,11
75,97,36,45,22.2286982,81.85872947,278.0791793,11
76,67,47,44,26.73072391,81.78596776,280.4044392,11
77,73,35,38,24.88921174,81.97927117,185.9461429,11
78,77,36,37,26.88444878,81.46033732,194.5766559,11
79,81,41,38,22.67846116,83.72874389,200.9133156,11
80,68,57,43,26.08867875,80.37979919,182.9043504,11
81,72,45,35,25.42977518,82.94682591,195.3574542,11
82,61,53,43,26.40323239,81.05635517,223.3671883,11
83,67,43,39,26.04371967,84.96907151,186.7536773,11
84,67,58,39,25.2827223,80.54372813,220.1156708,11
85,66,60,38,22.08576562,83.47038318,231.7364957,11
86,82,43,38,23.28617173,81.43321641,242.3170629,11
87,84,50,44,25.48591986,81.40633547,182.6549356,11
88,81,53,42,23.67575393,81.03569343,233.7034975,11
89,91,50,40,20.82477109,84.1341879,230.2242223,11
90,93,53,38,26.92995077,81.91411159,290.6793783,11
91,90,44,38,23.83509503,83.88387074,241.2013513,11
92,81,45,35,26.52872817,80.12267476,218.9163567,11
93,78,40,38,26.46428311,83.85642678,248.2256491,11
94,60,51,36,22.69657794,82.81088865,256.9964761,11
95,88,46,42,22.68319059,83.46358271,194.2651719,11
96,93,47,37,21.53346343,82.14004101,295.9248796,11
97,60,55,45,21.40865769,83.3293191,287.5766935,11
98,78,35,44,26.54348085,84.67353597,183.6222657,11
99,65,37,40,23.35905428,83.59512273,188.413665,11
100,71,54,16,22.61359953,63.69070564,87.75953857,7
101,61,44,17,26.10018422,71.57476937,102.2662445,7
102,80,43,16,23.55882094,71.59351368,66.71995467,7
103,73,58,21,19.97215954,57.68272924,60.65171481,7
104,61,38,20,18.47891261,62.69503871,65.43835393,7
105,68,41,16,21.77689322,57.80840636,102.0861694,7
106,93,41,17,25.6217169,66.50415474,105.4654703,7
107,89,60,19,25.19192419,66.6902901,78.06639649,7
108,76,44,17,20.41683147,62.5542482,65.27798457,7
109,67,60,25,24.92162194,66.78627406,109.2162279,7
110,70,44,19,23.31689124,73.4541537,94.29712821,7
111,90,49,21,24.84016732,68.3584573,74.05474936,7
112,62,52,16,22.27526694,58.84015925,63.87020584,7
113,92,44,16,18.87751445,65.76816093,94.76189431,7
114,66,54,21,25.19008683,60.2001687,72.12375573,7
115,63,58,22,18.25405352,55.28220433,63.72358154,7
116,70,47,17,24.6129118,70.4162444,104.1626147,7
117,61,41,17,25.1420613,65.26185135,76.68456006,7
118,66,53,19,23.09348056,60.1159381,65.49730729,7
119,74,55,19,18.05033737,62.89366992,84.23613484,7
120,77,57,21,24.9321581,73.80435276,79.74078719,7
121,99,50,15,18.14710054,71.09445342,88.07753741,7
122,74,56,22,18.28362235,66.65952796,80.97573281,7
123,83,45,21,18.83344471,58.75082029,79.7532896,7
124,100,48,16,25.71895816,67.22190688,74.51490791,7
125,79,51,16,25.33797709,68.49835977,96.46380213,7
126,94,39,18,23.89114571,57.48775781,102.8301942,7
127,75,49,15,21.53574127,71.50905983,102.4852929,7
128,78,48,22,23.08974909,63.10459626,70.43473609,7
129,87,54,20,25.61707368,63.4711755,108.8303762,7
130,87,35,25,21.44526922,63.1621551,65.88951188,7
131,63,43,19,18.51816776,55.53128131,90.988051,7
132,84,57,25,22.53510514,67.99257471,64.40866039,7
133,64,35,23,23.02038334,61.89472002,63.03843397,7
134,60,46,22,24.89364635,65.61418761,87.9298085,7
135,98,44,21,25.77175115,74.089114,107.4931917,7
136,75,56,18,19.39851734,62.35750641,60.95197486,7
137,86,55,21,21.54156232,59.64024162,109.7515385,7
138,98,35,18,23.79746068,74.82913698,91.76337172,7
139,76,57,18,18.9802729,74.52600826,94.26249353,7
140,99,56,17,24.10859207,73.13112261,71.07562236,7
141,60,44,23,24.7947077,70.04556743,76.72860067,7
142,74,48,17,21.63162756,60.27766379,69.21803098,7
143,89,60,17,25.37548751,57.21025565,101.7004306,7
144,69,51,23,22.21738222,72.85462807,106.6213157,7
145,96,46,22,20.58314011,69.00128641,66.29390357,7
146,61,60,15,24.87502824,68.74248334,91.26056654,7
147,74,58,18,20.03728219,56.35606753,109.024141,7
148,74,43,23,25.95263264,61.89082199,99.57981207,7
149,63,43,17,19.28889933,65.47050802,71.3195307,7
150,99,36,20,20.57981887,65.34583901,78.34604471,7
151,77,36,23,24.71417533,56.73426469,88.45361858,7
152,87,60,23,20.27317074,63.91281869,62.50351892,7
153,60,38,17,18.41932981,64.23580251,76.41312437,7
154,94,54,17,23.39128187,61.74427165,107.3198135,7
155,95,38,22,19.84939404,61.24500053,100.7689246,7
156,84,44,21,21.869274,61.91044947,107.2681929,7
157,77,58,19,22.8056033,56.50768935,101.5952794,7
158,66,44,20,19.0781471,69.02298571,80.72515943,7
159,63,35,16,22.02720976,65.35549924,83.73280082,7
160,79,45,20,23.80546189,59.24537979,89.9622014,7
161,72,60,25,18.52510753,69.0276233,88.10234397,7
162,67,51,24,23.50297882,61.32026065,64.77791424,7
163,86,36,24,26.54986394,72.89187265,73.33636055,7
164,76,48,18,19.29563411,69.63481219,83.21030571,7
165,75,53,18,20.68899915,59.4375337,103.651438,7
166,81,45,23,19.32666088,68.034493,84.22969177,7
167,73,45,21,24.60532218,73.58868502,96.59195302,7
168,71,35,24,22.27373646,59.52193158,67.96704792,7
169,96,54,22,25.70196694,61.33450447,83.20711308,7
170,99,39,18,19.20129357,68.30578978,87.85092352,7
171,62,48,20,21.70181447,60.47470519,95.71388473,7
172,86,37,16,20.51716779,59.21235483,67.61013737,7
173,94,50,19,23.30355338,73.62548442,97.59081274,7
174,76,39,24,24.2547451,55.64709899,64.23845455,7
175,77,52,17,24.86374934,65.7420046,75.82270467,7
176,74,39,23,22.6265115,65.77472881,88.17251033,7
177,81,49,20,18.04185513,60.61494304,104.2321615,7
178,63,42,21,23.26237612,72.33125523,67.10225139,7
179,99,38,21,22.88330922,71.59722446,67.72777298,7
180,90,52,25,25.97482359,69.36385721,103.2234212,7
181,68,40,19,26.14384005,66.20569924,107.2361366,7
182,60,57,24,18.66116213,61.55327249,75.03247667,7
183,71,52,18,25.10787449,55.97732754,78.16077693,7
184,61,59,17,23.33844615,59.24580604,105.0083144,7
185,88,38,15,25.08239719,65.92195844,62.49190812,7
186,65,60,22,25.36768364,72.52054555,107.9124111,7
187,78,37,22,25.34217103,63.31801994,74.52082026,7
188,78,58,15,25.00933355,67.816568,62.91359494,7
189,92,60,23,18.66746724,71.516474,69.93293255,7
190,79,59,17,20.37999665,63.73849998,108.5054416,7
191,91,55,15,18.09300227,72.61024172,78.96159541,7
192,76,51,18,26.16985907,71.96246617,79.84925393,7
193,87,48,25,18.65396672,61.37879671,93.62039175,7
194,71,60,22,26.07470121,59.37147589,85.75692395,7
195,90,57,24,18.92851916,72.80086137,82.34162918,7
196,67,35,22,23.30546753,63.24648023,108.7603001,7
197,60,54,19,18.74826712,62.49878458,70.23401597,7
198,83,58,23,19.74213321,59.66263104,65.50861389,7
199,83,57,19,25.73044432,70.74739256,98.73771338,7
200,56,79,15,29.48439992,63.19915325,71.89090748,2
201,25,62,21,26.73433965,68.13999721,67.15096376,2
202,42,61,22,26.27274407,62.28814857,70.23207557,2
203,42,73,25,34.03679184,67.21113844,73.23573601,2
204,44,58,18,28.03644051,65.06601664,72.49507741,2
205,50,55,16,28.81460716,65.33538112,62.26242533,2
206,35,72,21,34.03619494,64.28791388,66.85510868,2
207,30,64,20,33.8642935,61.57072498,68.02199825,2
208,27,64,21,32.84213012,68.68401492,73.67166182,2
209,50,74,17,27.10053268,63.36085585,73.84949872,2
210,39,73,24,25.65842532,61.18235808,69.28607828,2
211,57,67,25,32.34744009,66.61452812,64.55882254,2
212,52,63,19,29.58949031,68.32176769,67.53021213,2
213,55,66,22,30.91219459,68.79427388,66.63830637,2
214,51,56,18,28.12787838,64.2097765,70.86340755,2
215,36,66,15,30.08545364,69.34811988,67.1367443,2
216,59,55,19,31.74379487,62.51007687,68.97097538,2
217,50,58,23,27.81326852,62.50460464,69.75555541,2
218,30,65,25,32.88733849,64.59457409,71.50569456,2
219,20,62,18,29.36358721,64.98742947,61.91208707,2
220,58,71,15,27.82592799,67.5861883,74.01229707,2
221,25,71,24,28.49538735,60.44848407,74.91559514,2
222,52,71,16,27.74274761,68.53997144,71.78615328,2
223,40,63,18,30.41588462,67.66323804,63.02473185,2
224,20,60,25,27.3254209,69.09047809,61.19250859,2
225,48,61,21,30.28496619,61.69295127,65.62859526,2
226,49,68,22,28.56840626,61.53278622,63.49726331,2
227,48,62,15,25.36586097,66.6379724,65.81655892,2
228,32,66,17,34.9466155,65.26774011,70.1415139,2
229,21,63,22,25.09737391,67.72837887,74.61649888,2
230,20,72,19,32.47648301,64.34848735,65.820457,2
231,25,65,21,33.86351172,68.59232289,69.24464096,2
232,41,78,21,25.19857725,60.37332688,70.88787207,2
233,53,67,17,31.77681682,69.01852894,61.46892873,2
234,39,60,21,34.89814946,63.59948557,64.72797143,2
235,25,76,17,31.74105409,68.63525428,62.3061735,2
236,21,78,19,27.16159076,66.76017239,69.85112265,2
237,57,60,17,26.23773129,67.88521396,73.58663968,2
238,56,75,15,30.20157245,60.06534859,66.37171179,2
239,49,72,15,31.55846339,67.83563765,74.86960831,2
240,24,80,19,29.67892453,69.0854554,65.66436565,2
241,49,76,18,27.05365239,67.7017527,60.4693835,2
242,28,68,19,34.63880966,61.38597868,72.43169115,2
243,55,78,21,33.39438752,62.93692886,63.57445989,2
244,50,64,25,28.84079155,63.37230676,70.25496749,2
245,34,80,19,31.49338309,63.0563645,71.48327008,2
246,20,68,23,25.54960633,63.95425534,63.1830529,2
247,55,67,16,34.37329112,69.69366426,70.27184748,2
248,23,70,15,34.6008247,63.11296779,60.41790253,2
249,53,74,15,29.43463808,64.94329356,72.17818157,2
250,26,67,16,29.10713092,67.90577375,67.83345933,2
251,33,80,22,28.57006111,65.71765781,70.0866434,2
252,37,79,19,27.54384835,69.3478631,69.40878198,2
253,33,75,21,33.04687968,68.93875631,62.30278274,2
254,22,55,20,33.95309131,69.96100028,61.16350463,2
255,20,68,17,30.11873003,60.11680815,71.72980375,2
256,43,68,20,29.57812712,66.17587668,69.43895491,2
257,44,76,22,27.26458947,68.01232937,68.91754359,2
258,34,60,16,31.35730791,64.24992106,63.85668948,2
259,21,72,17,31.52104732,66.55723677,61.71111448,2
260,25,68,19,29.39982732,64.25510719,67.47677295,2
261,41,62,15,29.38400259,64.14928485,65.24194361,2
262,28,65,23,28.38686534,61.88871127,74.24459122,2
263,35,64,15,28.47442276,63.53604453,69.5274407,2
264,52,58,16,30.64095781,61.14508627,71.36947525,2
265,58,75,25,25.25596239,61.36669662,68.64685069,2
266,34,66,19,32.97030511,60.18122078,73.44678678,2
267,52,70,16,33.66855394,66.60416867,67.32520551,2
268,23,57,19,32.83963757,67.99803573,73.40452716,2
269,42,58,25,27.45853567,62.90020977,69.46020927,2
270,37,62,17,25.68576704,69.84354028,74.62068748,2
271,44,75,22,30.0328403,64.14800537,71.21006868,2
272,21,80,20,28.20667264,68.27085245,64.32887142,2
273,56,76,16,28.27265858,61.18956161,63.29900785,2
274,29,76,15,28.5417236,64.2020154,69.68862306,2
275,43,61,20,26.87187036,61.61367264,63.51822045,2
276,55,60,15,32.79766751,68.77994074,64.11411069,2
277,44,63,15,26.42333018,64.51136845,63.46546487,2
278,29,67,21,29.79181107,63.38789228,63.02169909,2
279,47,63,16,27.44003279,67.10464369,72.50669768,2
280,40,68,17,34.1262979,65.14877461,70.40795007,2
281,58,61,15,30.94908189,64.23364112,62.78730907,2
282,41,74,18,28.75751783,61.02701476,73.37686831,2
283,58,79,17,27.24766491,66.10123083,62.31842057,2
284,27,62,24,28.63005477,66.770943,62.2737345,2
285,27,60,17,26.41768321,63.64698302,64.42177127,2
286,52,65,20,32.81705216,66.15665137,68.83924882,2
287,44,55,25,29.6321052,65.91359954,71.16331975,2
288,21,62,24,33.49077065,62.73317204,65.45328463,2
289,60,59,22,31.86847286,66.74217464,74.22238583,2
290,33,77,21,30.32992227,65.62971858,71.64631281,2
291,59,58,17,28.546224,66.31394098,62.83469851,2
292,29,63,17,30.02629908,67.88811637,66.47264636,2
293,59,63,18,31.65531175,60.13263713,66.69096751,2
294,29,70,15,30.33499674,63.54718862,74.16699119,2
295,58,73,16,33.36984395,65.67718163,64.89517488,2
296,55,77,22,31.4345059,62.99303471,64.77651469,2
297,42,79,23,27.71678273,63.29103387,68.56507978,2
298,44,77,21,32.63918668,61.3009051,61.83876146,2
299,38,62,25,32.7477393,67.77954584,63.37784443,2
300,32,76,15,28.05153602,63.49802189,43.35795377,6
301,13,61,22,19.44084326,63.27771461,46.83130119,6
302,38,60,20,29.84823072,60.63872613,46.80452595,6
303,11,74,17,21.36383757,69.92375891,46.6352865,6
304,37,71,16,26.28663931,68.51966729,46.13833007,6
305,29,71,18,22.17499963,62.13873825,53.46622584,6
306,2,72,18,26.57597546,60.97876599,50.89110726,6
307,6,59,21,26.58972517,66.14007674,50.90994463,6
308,13,64,20,19.1345771,62.57526895,36.46946971,6
309,8,58,17,28.75273118,69.15640149,35.15426171,6
310,6,77,20,25.78746268,60.2816298,49.14337177,6
311,2,75,22,23.89271875,61.78779413,52.55730112,6
312,3,69,23,28.67408774,63.18832976,42.96018627,6
313,27,80,24,28.42062847,61.77336343,49.02366803,6
314,39,78,15,21.35499456,62.60136323,41.78219834,6
315,40,79,17,21.12695586,63.18738532,38.71834464,6
316,37,62,22,24.02037872,61.62313345,49.78102578,6
317,31,60,24,25.40474421,65.8567539,51.92057267,6
318,22,67,22,29.03017561,64.49166566,54.9393771,6
319,3,78,18,20.21368219,68.65257685,50.89732989,6
320,4,80,16,29.19585548,68.01965728,44.93261911,6
321,13,61,24,18.29783597,69.6897615,49.39111479,6
322,12,66,20,27.41434987,63.41785982,44.43177543,6
323,4,61,21,24.84063998,60.09116626,48.77790371,6
324,9,60,21,29.94413861,67.31323084,40.37113729,6
325,18,66,22,25.87990287,67.55109024,47.89645224,6
326,32,56,18,20.0467711,65.84395319,46.05333124,6
327,6,72,15,22.99451999,66.70897237,54.49044154,6
328,15,77,20,25.13163619,66.92642362,49.04015558,6
329,30,79,22,18.28766124,69.48515056,48.60449438,6
330,3,63,16,24.38041875,61.18458224,53.13946695,6
331,2,78,23,21.31852148,66.43934593,45.42616802,6
332,10,78,18,18.54141834,62.70637578,44.07819743,6
333,14,67,25,25.28710601,60.85993533,49.37369982,6
334,39,65,23,25.43459777,69.12613376,41.02682925,6
335,19,72,15,28.83600962,69.76112921,44.08562546,6
336,18,57,21,27.37659643,63.93927841,49.47371773,6
337,31,58,15,28.31886863,60.19461399,45.36521251,6
338,28,58,25,27.4818649,62.04814951,37.81123974,6
339,5,65,19,18.28072173,68.10365387,48.80253285,6
340,16,65,19,27.61204997,69.29786244,42.72374404,6
341,34,65,19,23.43974653,63.22011726,45.40277297,6
342,14,69,19,20.95628486,63.68128841,52.39881209,6
343,22,55,16,23.7937153,68.03209183,49.73922097,6
344,24,61,17,22.6371424,65.44544859,38.30411077,6
345,2,79,15,21.53577883,65.47227704,35.75107592,6
346,26,63,17,29.87854588,65.73085206,44.95654782,6
347,27,61,15,25.2653291,67.10004577,48.33941188,6
348,24,70,16,25.17885316,68.93307305,35.03484812,6
349,13,74,25,24.12192608,61.09533545,44.23629285,6
350,6,64,23,23.33565221,67.40460704,36.18678721,6
351,12,58,23,21.74600081,63.39503184,50.43306085,6
352,32,79,22,27.60195453,63.46170674,54.37814199,6
353,6,68,18,24.388717,62.50453062,47.26052494,6
354,10,79,20,24.98287462,66.895409,38.21370568,6
355,38,77,22,28.234829,69.3159965,35.36831423,6
356,17,74,17,26.03026959,69.55863145,37.11395801,6
357,26,68,24,28.04849594,64.07691942,37.15824966,6
358,23,75,17,24.87425505,64.00213929,48.28137482,6
359,32,78,22,23.97081395,62.35557553,53.40906048,6
360,19,79,19,20.06003985,67.76252583,42.89509057,6
361,22,60,18,19.59221047,61.28633405,41.7704893,6
362,28,69,16,29.77013109,66.29327012,35.69674138,6
363,1,67,21,27.52135365,60.53657684,48.06491307,6
364,12,67,23,25.62896213,63.14909763,45.49683991,6
365,36,67,20,20.39078312,60.47528931,53.31508572,6
366,28,70,21,25.39038396,60.4989659,39.18374505,6
367,12,71,19,24.91079638,60.71367427,42.19740397,6
368,22,68,16,27.70496805,63.20915034,37.46160727,6
369,26,66,22,18.06486101,65.1034354,51.54922825,6
370,16,65,16,18.13027797,62.45851612,50.6128521,6
371,14,59,22,23.82723528,67.89815262,46.90725077,6
372,33,59,19,23.19305333,62.74710773,49.55213308,6
373,21,63,17,25.08966129,68.17543102,41.45486619,6
374,10,75,17,18.43966037,68.05394959,39.00992137,6
375,30,61,18,27.14911056,67.02664337,52.50812701,6
376,35,74,22,26.7230014,62.96841833,42.87274897,6
377,7,63,24,19.55750776,64.45268309,53.04669416,6
378,9,56,17,26.13708256,66.7729209,46.48280681,6
379,14,74,15,27.99990346,65.57653373,49.94043064,6
380,14,76,20,29.05941162,62.10652364,36.5011366,6
381,36,65,16,25.71269843,64.1123333,50.17067771,6
382,28,67,21,21.79792649,63.73086065,46.62370222,6
383,28,79,16,24.70626432,60.26854183,53.12442925,6
384,40,61,22,20.94981756,65.8108757,44.23913012,6
385,10,70,19,24.84918386,68.98088448,41.61080544,6
386,12,80,19,21.91041045,65.21662467,36.10211371,6
387,37,77,20,25.93381964,68.70533022,51.02372773,6
388,7,73,25,27.52185591,63.13215259,45.20841071,6
389,10,56,18,27.99627907,68.6428593,46.10585191,6
390,39,70,15,20.76774783,63.90164154,47.9271552,6
391,26,56,22,23.05276444,60.424786,52.60285259,6
392,9,77,17,21.65845777,63.58337146,38.07659414,6
393,4,59,19,26.25070298,67.62779652,40.8106299,6
394,34,73,15,20.97195263,63.83179889,53.10207889,6
395,33,77,15,23.89736406,66.32102048,40.74536757,6
396,91,94,46,29.36792366,76.24900101,92.82840911,1
397,105,95,50,27.33368994,83.67675197,101.0494791,1
398,108,92,53,27.40053601,82.96221306,104.9378,1
399,86,76,54,29.3159075,80.11585705,90.10978128,1
400,80,77,49,26.05433004,79.39654531,113.2297373,1
401,93,94,53,25.86632408,84.42379269,114.5357503,1
402,90,92,55,27.00932084,80.18546798,97.32531705,1
403,108,89,53,29.55054817,78.06762846,99.34482238,1
404,108,88,55,26.28845991,83.390039,113.8729798,1
405,105,77,52,29.16226551,76.16151562,100.0075679,1
406,118,88,52,28.65003945,82.68752542,98.75084366,1
407,101,87,54,29.07311132,76.50045221,100.1692639,1
408,95,75,50,28.08166093,75.26429821,118.2761894,1
409,106,85,53,27.1994597,78.8086068,99.72430835,1
410,86,95,49,28.05484146,78.04602887,108.3957179,1
411,83,79,55,25.14748006,83.34688193,98.66679427,1
412,85,95,47,25.94019018,78.3422098,119.84797,1
413,109,79,45,27.66752761,79.68542782,108.66464,1
414,100,76,45,25.56703012,75.94067692,102.7867717,1
415,117,86,48,28.6956201,82.54195839,116.1616839,1
416,114,94,53,26.33544853,76.8532006,118.6858263,1
417,110,78,50,25.93730186,78.89864446,98.21747528,1
418,94,70,48,25.13686519,84.88394407,91.46442491,1
419,80,71,47,27.50527651,80.79783998,105.0776992,1
420,114,79,51,26.21009246,82.34429458,112.0700033,1
421,88,78,45,29.10403455,79.19588629,92.07835761,1
422,112,73,48,29.2440638,77.32017166,90.66727868,1
423,117,76,47,25.56202173,77.38229006,93.10247183,1
424,111,87,48,26.3985515,81.36028902,98.16752001,1
425,89,83,47,28.09577643,77.79586769,109.5408614,1
426,93,91,47,27.84767901,83.31110751,117.2878912,1
427,92,81,52,27.39341554,81.4654833,94.31102057,1
428,105,74,45,25.14517635,81.38204104,119.218154,1
429,102,71,48,28.65456263,79.28693687,102.4633775,1
430,94,91,51,29.16093424,76.67484233,109.575944,1
431,116,71,47,27.57278064,82.0638878,91.34276507,1
432,117,79,49,25.40909896,82.36208097,112.9794804,1
433,119,72,55,25.99069521,83.33983116,112.0777152,1
434,99,73,53,26.29039046,81.06003778,118.6730366,1
435,91,84,52,29.14827211,78.71024836,117.536781,1
436,80,90,47,26.59743595,79.35898915,107.3944717,1
437,101,70,48,25.36059237,75.03193255,116.5531455,1
438,108,89,53,29.12036889,80.18080728,112.3982055,1
439,100,80,52,27.53911354,77.25629897,110.3262123,1
440,109,91,53,29.66727337,83.51014178,110.2511102,1
441,82,78,46,25.05802193,84.97323747,110.4408803,1
442,106,70,55,25.86824781,78.52399914,116.3019555,1
443,90,86,52,25.85036988,81.95580471,119.0856171,1
444,83,95,50,26.51682337,77.79913575,108.8547508,1
445,119,90,48,28.66725136,79.59242542,118.2583441,1
446,107,72,45,28.14938935,81.54448882,91.40508414,1
447,116,81,55,26.42313317,83.6995044,95.12322062,1
448,101,75,50,26.59386409,81.40740301,109.9825551,1
449,93,81,50,27.71822477,76.57853189,102.2099836,1
450,95,75,45,28.98333432,82.95958244,109.022564,1
451,107,71,55,29.42017919,83.96754496,117.229079,1
452,83,94,47,27.39872329,81.10523402,112.1355384,1
453,102,73,54,26.4020227,84.41007614,111.0162259,1
454,86,79,45,27.81251452,82.69285419,99.20961514,1
455,117,86,53,25.19640218,83.55829874,115.8586081,1
456,111,79,53,28.31193338,75.77363772,119.695765,1
457,95,74,50,25.90113128,80.47152737,110.10323,1
458,91,75,55,27.48612983,76.11239849,109.2768851,1
459,93,83,46,29.38254012,83.50423735,109.2486647,1
460,92,85,51,29.22118628,81.08183635,108.8616474,1
461,104,80,54,27.09062164,81.33506906,110.1331182,1
462,103,72,51,26.12643374,81.81365007,104.4812858,1
463,92,75,45,29.01207743,77.95192527,90.43495443,1
464,93,85,49,27.96799119,79.28625709,119.4765557,1
465,120,87,52,28.0764455,76.05522115,118.9923573,1
466,108,72,46,25.16278237,84.97849241,90.94554618,1
467,105,88,54,25.78749808,84.51194224,114.2005455,1
468,98,79,50,25.34119774,84.47321314,91.06493353,1
469,111,88,55,29.44795403,78.34971537,96.45042585,1
470,97,74,45,26.47522633,78.51833782,113.1161095,1
471,95,82,48,27.39489579,83.31172003,92.78133617,1
472,89,91,55,25.08347445,80.261731,94.32961456,1
473,89,85,55,26.6719835,76.48541655,91.73358569,1
474,118,88,51,25.44926208,79.49221962,100.6619171,1
475,101,92,45,28.22776705,80.6430384,98.00403016,1
476,99,92,47,28.1279509,77.48247073,103.5045395,1
477,82,77,46,28.9470467,82.1888998,95.83016448,1
478,90,86,55,27.96236771,84.15403614,97.55986676,1
479,95,88,52,28.00316034,78.90085998,94.68180316,1
480,104,73,46,29.1400919,80.1190228,90.45142867,1
481,102,73,52,27.9122104,83.36307683,90.24211529,1
482,100,74,52,25.43480512,81.53977797,96.47800391,1
483,94,89,48,28.55980972,84.51602322,111.0843029,1
484,99,70,46,26.59580783,82.99556744,100.5123341,1
485,112,87,48,27.19711623,77.3970629,99.46950465,1
486,117,82,45,25.29391516,79.29122198,105.4220251,1
487,96,86,51,29.90888522,76.98740841,91.99964712,1
488,113,85,45,27.94972463,76.63713353,109.0921631,1
489,105,93,46,25.01018457,78.76260938,108.3690513,1
490,85,89,51,29.21144871,84.70189923,108.5501443,1
491,108,94,47,27.35911627,84.54625006,90.81250457,1
492,92,81,52,28.0106804,76.52808057,103.7040783,1
493,110,71,54,28.67208915,82.20793613,94.37987496,1
494,82,75,55,27.34585147,78.4873835,92.15524332,1
495,117,81,53,29.50704598,78.20585613,98.12565829,1
496,2,40,27,29.73770045,47.54885174,90.09586854,8
497,39,24,31,33.55695561,53.72979826,98.67527561,8
498,21,26,27,27.00315545,47.67525434,95.85118326,8
499,25,22,25,33.56150184,45.53556603,95.70525913,8
500,20,19,35,34.17719782,50.62161586,98.00687989,8
501,19,21,34,30.01592643,53.19212381,97.72843182,8
502,18,17,31,31.74592134,45.16127859,93.75441586,8
503,11,36,33,35.99009679,52.22780489,95.3713484,8
504,30,28,30,31.86641378,52.19331595,98.46768642,8
505,18,19,27,27.75518664,52.34605806,94.11213345,8
506,23,23,27,34.72413192,51.4271781,97.31258083,8
507,37,30,34,27.53907547,53.63549533,99.35408185,8
508,11,27,30,27.69637763,48.5622488,89.85646496,8
509,12,19,31,27.25373364,52.66319725,91.87312479,8
510,3,28,33,30.33723921,48.88704844,94.42850522,8
511,37,38,32,31.85744939,45.53106268,91.55845821,8
512,26,37,30,35.39986338,49.45962621,97.41054011,8
513,14,18,30,29.80747243,52.13797867,95.74606104,8
514,40,16,35,34.16438906,54.16482251,98.33351125,8
515,4,20,25,28.93270187,47.94053996,99.9834242,8
516,36,25,33,27.98392787,53.33018851,99.61465679,8
517,30,17,31,31.20478173,54.49960506,94.62954663,8
518,28,37,28,32.13409675,50.52559148,98.63333684,8
519,38,15,30,28.91862016,48.13974548,97.01331604,8
520,12,37,30,31.09779147,47.41196659,90.28624348,8
521,38,19,31,34.73823882,49.08864345,90.65022183,8
522,8,33,29,29.98080499,49.48613279,91.82271568,8
523,15,27,28,33.80398664,46.12866113,90.82549241,8
524,34,16,25,30.07202564,50.96040505,92.09609766,8
525,11,36,31,27.92063282,51.77965917,100.2585673,8
526,33,29,34,31.40948821,49.21729127,92.99739415,8
527,12,31,26,35.7877738,51.94190321,100.2160615,8
528,12,34,28,33.36140093,45.02236377,98.81596545,8
529,5,16,31,35.96054636,48.69677802,98.00644238,8
530,1,30,29,28.33333307,51.39586505,91.67241761,8
531,16,35,31,32.27652024,50.19368841,95.99487068,8
532,35,18,26,31.99490489,50.84881347,97.38741498,8
533,4,40,26,27.58258929,48.56916221,95.8445641,8
534,9,29,34,29.38471637,45.88744691,100.8124659,8
535,2,38,33,32.38697531,53.2328243,90.21633216,8
536,26,32,32,30.91471455,49.92963856,90.14047759,8
537,34,38,31,35.37775595,45.58110023,97.41586402,8
538,5,32,33,32.32362177,52.5896771,93.36718816,8
539,31,29,26,28.22373428,47.40519056,97.76832322,8
540,34,34,35,27.27433181,47.16808054,95.257992,8
541,36,19,32,27.10710832,50.70880979,92.37238878,8
542,7,17,26,34.89226666,48.75613373,91.63074547,8
543,38,15,27,33.7462686,48.50387598,92.26439205,8
544,5,19,25,27.3511056,54.43945147,96.27792547,8
545,37,36,26,32.89300162,52.61323969,94.49161372,8
546,21,31,32,35.38598705,51.42664176,90.29643888,8
547,37,36,27,27.5529736,47.90859131,90.40332704,8
548,23,23,30,32.82141065,47.45553843,90.89173106,8
549,36,26,26,30.17294105,51.0845903,95.23444287,8
550,24,33,35,29.26382931,54.82257868,100.7586226,8
551,26,18,30,32.06097197,51.08494181,96.59816497,8
552,22,17,26,28.69818144,47.71875722,99.642454,8
553,11,34,32,29.14305008,49.40983294,97.55155537,8
554,29,35,28,28.3471611,53.53903102,90.40260445,8
555,22,28,26,27.67256197,45.41692012,92.84991507,8
556,23,24,32,28.1218093,46.16888595,93.30247448,8
557,1,35,34,30.79375683,46.69536813,92.21318555,8
558,2,24,34,28.89409382,54.80750249,94.76322976,8
559,39,37,25,33.33024826,45.61143594,98.28583013,8
560,15,36,27,27.78912455,53.96886679,91.01152997,8
561,3,18,31,31.65333432,48.20662669,91.09745581,8
562,8,38,32,29.75150773,46.73723302,91.405983,8
563,33,31,34,31.32995611,50.22287593,89.78216168,8
564,14,29,32,35.63627319,48.97047762,97.51952041,8
565,18,20,26,31.66524687,51.98594645,89.98024312,8
566,9,21,32,32.26935342,53.56092806,95.94035356,8
567,20,30,27,27.81005614,51.59445462,95.89898581,8
568,9,38,25,34.58561471,50.34035336,100.3060719,8
569,26,24,34,31.27180992,52.23810152,89.74409017,8
570,31,36,29,33.93679864,52.72170281,97.4611918,8
571,14,18,35,31.09154239,47.02058367,91.46664318,8
572,40,16,35,31.89356292,49.02450149,89.59371481,8
573,28,27,34,32.45465292,50.69693751,95.04871605,8
574,1,29,29,27.32961444,49.30347234,93.53197359,8
575,2,36,31,30.90225239,49.95955487,91.77522598,8
576,12,27,26,29.09382275,45.5661059,96.23520043,8
577,7,28,35,30.02086169,46.78393776,96.63721027,8
578,26,35,31,33.44619894,53.05980465,98.05089394,8
579,27,21,30,35.3915464,52.48823147,91.22881052,8
580,22,38,31,31.53356352,53.06009323,98.57025046,8
581,22,18,31,30.7645515,47.93791463,90.38503469,8
582,28,23,28,30.01821337,50.0983181,96.08745082,8
583,7,31,27,31.32863689,47.59319575,94.67344737,8
584,29,34,26,33.88004781,54.39416048,89.29147581,8
585,8,37,33,28.07802689,54.9640534,97.45373619,8
586,39,16,27,35.53845018,52.94641947,91.54560427,8
587,40,24,25,28.70595247,50.44030129,95.8946444,8
588,19,38,26,31.48451729,48.77926304,93.17221967,8
589,21,21,30,27.69819273,51.41593238,100.7720705,8
590,22,18,33,30.41235793,52.48100602,93.92375879,8
591,31,20,30,32.17752026,54.01352682,91.88766069,8
592,18,26,31,32.6112614,47.74916499,91.10190759,8
593,24,130,195,29.99677232,81.54156612,67.12534492,4
594,13,144,204,30.7280404,82.42614055,68.38135469,4
595,22,123,205,32.44577836,83.88504863,68.73932528,4
596,36,125,196,37.46566825,80.65968681,66.83872293,4
597,24,131,196,22.03296178,83.74372787,65.34440794,4
598,2,123,198,39.64851881,82.21079946,70.39906054,4
599,35,140,197,16.77557314,82.75241875,66.76285469,4
600,11,122,195,12.14190714,83.56812483,69.63122027,4
601,6,123,203,12.7567962,81.62497448,66.77844567,4
602,17,134,204,39.04071989,80.18393287,73.88467027,4
603,25,130,197,39.70772192,82.68593454,74.91506217,4
604,27,145,205,9.467960445,82.29335466,66.02765219,4
605,9,122,201,29.58748357,80.91934392,68.06417307,4
606,16,139,203,17.82803682,80.96093443,65.84748763,4
607,32,141,204,8.825674745,82.89753705,67.235765,4
608,22,138,195,27.83487131,83.51444973,73.02882766,4
609,31,144,202,11.02105378,80.55557235,68.23963161,4
610,3,136,205,17.5862944,80.84806564,71.4065452,4
611,28,122,197,19.89363946,82.73366439,69.66256816,4
612,4,136,204,29.93707596,81.77713468,65.52279323,4
613,39,145,201,36.73126647,80.58931938,72.24230804,4
614,38,132,197,20.42094753,81.54185044,66.93065667,4
615,36,133,198,25.51939719,83.98351748,69.17281221,4
616,25,121,201,30.50734778,82.71775569,70.08200379,4
617,15,125,199,18.4269936,80.55625868,69.75734306,4
618,24,140,205,12.087022,83.59398734,68.66813363,4
619,13,132,203,23.60115364,82.48336987,73.23901752,4
620,5,126,197,12.80000387,81.20876367,67.10439401,4
621,30,120,200,38.06099482,82.24729637,65.70148216,4
622,23,142,197,39.06555518,82.03812973,69.30772897,4
623,26,135,203,33.78372897,81.16314317,74.53557341,4
624,7,126,203,16.76201707,82.00335557,73.28712806,4
625,32,139,198,35.89307536,82.66850729,66.53946559,4
626,9,141,202,21.01245395,81.17931863,66.38448261,4
627,20,142,196,10.89875873,80.01639435,68.69420397,4
628,32,129,201,16.36251869,83.00471609,71.55665483,4
629,3,134,199,20.28370163,81.32235739,71.06611222,4
630,38,138,204,25.11108456,83.25447587,73.01026829,4
631,14,131,198,33.4641162,83.86742974,67.92204319,4
632,20,122,204,11.7976469,80.86325389,65.06962486,4
633,40,126,201,11.36300891,80.03100049,71.18289431,4
634,36,128,204,25.23542319,80.68700527,67.03840888,4
635,11,132,197,15.99050693,81.23966573,74.40198861,4
636,19,123,200,34.76086052,81.03544763,65.70430027,4
637,31,136,197,31.11047251,83.34010951,71.43001582,4
638,4,134,200,28.57828803,80.95628959,73.34232097,4
639,39,139,201,41.18664903,81.01783402,68.68895899,4
640,8,127,196,27.02766138,83.17093908,70.95666003,4
641,39,138,203,21.19339319,82.33098331,74.62834921,4
642,32,120,204,10.38004759,83.44518113,67.3917379,4
643,12,142,203,31.3115978,82.56407013,65.01095312,4
644,8,133,195,20.46657776,80.97598029,71.29813872,4
645,8,139,199,29.36947679,81.53996362,66.13442813,4
646,21,134,202,10.72302459,80.02130636,65.2982112,4
647,40,140,195,14.97846952,80.49979873,71.63437433,4
648,39,127,202,15.3246651,81.67215994,71.60102999,4
649,19,120,195,18.73932187,81.12109244,73.55807954,4
650,21,139,201,19.3642553,83.36094029,67.15094741,4
651,17,136,195,41.20733624,81.61051026,65.90227462,4
652,33,139,203,33.34214482,82.51034633,70.68098614,4
653,22,133,201,23.81995682,80.12211649,67.2739864,4
654,32,130,196,40.66012294,81.24995984,74.03030056,4
655,37,135,205,11.82768186,80.2827185,74.10225057,4
656,15,140,195,13.28504331,83.54193816,65.80006004,4
657,39,132,196,35.83089092,83.32560104,73.67984885,4
658,40,121,199,26.18159716,81.03886263,66.05911698,4
659,40,132,202,24.57558351,80.70695797,69.706113,4
660,29,142,203,29.67229086,83.71498986,66.48490371,4
661,32,121,199,39.37102553,81.25353895,74.08101744,4
662,6,140,205,17.66558428,82.92903419,69.8671263,4
663,8,120,196,24.06679352,82.66396666,69.81855775,4
664,34,133,202,15.31413469,80.09711412,74.82144653,4
665,35,135,199,21.77466746,80.54942557,69.39630398,4
666,16,145,199,26.91624843,80.76838926,69.30927185,4
667,8,136,201,41.65602996,82.22118237,74.19664838,4
668,25,129,195,17.98667801,81.17712085,72.37127689,4
669,16,130,201,29.12033769,82.79092939,68.8503047,4
670,39,129,203,34.38922481,83.18392806,71.03001556,4
671,38,135,203,41.36106301,82.79782954,69.92107482,4
672,33,120,205,35.12158265,82.26890793,69.71518491,4
673,35,125,204,19.6491772,80.15215777,73.69529586,4
674,1,132,200,16.27852801,82.94270065,66.57462809,4
675,39,140,203,21.11903604,80.63399198,69.27779761,4
676,28,145,202,19.2077707,82.9042841,66.83113717,4
677,6,128,200,25.96308415,82.57813624,70.31782647,4
678,6,139,199,25.67385024,81.6212135,74.10919422,4
679,29,122,196,41.94865736,81.15595212,73.06862952,4
680,37,144,197,11.18994268,80.8084305,66.34234944,4
681,38,120,197,17.5438296,82.94703302,73.77063744,4
682,38,141,198,13.05809741,80.28297993,70.75633584,4
683,14,121,203,9.724457611,83.74765639,74.46411148,4
684,6,125,204,27.92004934,82.93262435,69.92092839,4
685,32,138,197,9.535585543,80.73112694,69.44115171,4
686,11,124,204,13.42988625,80.06633966,71.40043037,4
687,23,138,200,9.851242629,80.22631717,68.42802444,4
688,40,143,201,24.97256132,82.72828653,66.70016285,4
689,6,142,202,27.23708304,82.94573346,70.42508897,4
690,37,124,195,18.70679077,83.4795292,66.5964488,4
691,35,134,204,9.949929082,82.55138983,66.00817551,4
692,24,128,196,22.75088787,90.69489172,110.4317855,0
693,7,144,197,23.8494014,94.34814995,114.0512495,0
694,14,128,205,22.60800988,94.58900601,116.0396587,0
695,8,120,201,21.18667419,91.13435689,122.233323,0
696,20,129,201,23.41044706,91.69913296,116.0777931,0
697,32,137,204,22.86006627,93.12859895,117.7296726,0
698,27,139,205,22.48403042,93.40819246,105.5473627,0
699,22,144,196,21.91191314,91.68748063,117.0761277,0
700,1,124,199,23.71059131,93.27392415,112.6676589,0
701,30,122,197,21.37784654,92.72043743,106.1417017,0
702,29,121,196,22.84852833,94.32130209,123.5977843,0
703,13,126,204,23.1094265,92.79630809,108.183792,0
704,9,139,199,23.25230817,94.54128292,105.3558408,0
705,30,143,199,23.76881552,90.59810302,102.2648546,0
706,36,140,198,23.34386401,91.47684705,104.4267991,0
707,37,137,199,22.63946441,90.18451645,108.3405879,0
708,33,121,203,22.45696744,94.76285385,114.8407725,0
709,7,144,195,22.96388477,93.58065995,104.6472986,0
710,35,128,205,21.07273439,93.56585985,107.8737015,0
711,29,128,198,22.44075021,92.70785115,121.4977331,0
712,2,143,196,22.71271308,90.45261746,109.8852597,0
713,34,140,198,21.70416965,93.44006288,115.1781396,0
714,29,144,204,22.43324518,92.48667725,119.1025189,0
715,32,141,203,21.25941052,92.84416234,109.0658471,0
716,13,144,197,22.9215706,94.89613443,105.6941544,0
717,25,143,198,22.81212536,91.51861705,107.855225,0
718,9,137,200,21.12152071,90.6878768,102.8017203,0
719,6,144,198,21.11478672,90.31528693,104.5086618,0
720,37,126,196,23.59997268,90.97597665,107.1728191,0
721,2,120,203,23.12652652,94.71203306,108.6211833,0
722,11,143,197,22.98458907,93.3204487,122.1952483,0
723,10,141,201,22.12659387,90.97818277,104.5412275,0
724,24,142,202,22.53779727,91.48135786,101.8474768,0
725,23,138,195,22.49095104,91.70292746,124.3915101,0
726,18,125,204,22.35548159,94.47811755,116.7366261,0
727,13,121,196,22.20700989,93.50574163,120.1593771,0
728,26,122,202,22.44516988,94.73763514,107.1843273,0
729,28,123,202,22.76643029,92.12438519,120.4359949,0
730,26,121,201,22.19109412,90.02575116,112.3126628,0
731,21,137,196,23.6119202,91.70293849,123.5900822,0
732,21,135,198,23.86087054,94.92048112,105.0241329,0
733,5,144,205,21.42177231,92.62665309,102.8045658,0
734,2,123,205,22.36629253,90.78572467,124.9831618,0
735,15,133,199,23.99686172,91.61001707,117.6102915,0
736,31,130,198,21.80129837,92.73446667,120.0586671,0
737,25,143,200,23.80436344,92.80441624,100.6192543,0
738,16,143,204,23.71475278,91.53331177,121.8961665,0
739,19,122,202,23.34467359,90.37981478,112.8954016,0
740,10,125,196,22.31253665,90.03577124,113.0688155,0
741,20,139,202,23.50201428,92.21083961,107.9868949,0
742,28,123,198,23.46260321,91.45665004,111.7763395,0
743,28,136,200,23.06204373,92.39544055,114.7399101,0
744,2,131,199,22.47420512,91.22759742,124.2179699,0
745,2,140,197,22.69780133,92.82223419,105.0508234,0
746,27,138,201,23.66682067,93.90191078,105.4004751,0
747,30,127,204,22.50050273,92.45878335,100.9343903,0
748,32,145,203,23.83053666,90.84422164,109.5966791,0
749,29,139,205,23.64142354,93.74461474,116.6912176,0
750,26,126,195,21.41363812,92.99124545,118.3979065,0
751,40,136,202,22.85267372,94.5764581,117.5314026,0
752,6,124,200,22.98208095,93.84505029,109.5852253,0
753,35,138,200,21.19909519,90.80819418,103.6838922,0
754,17,136,196,23.87192332,90.49939035,103.0548094,0
755,33,134,205,21.0365275,94.33919546,114.7412734,0
756,16,143,197,22.61711614,93.51978375,116.9256766,0
757,27,120,200,21.45278675,90.74531921,116.7036582,0
758,29,145,205,22.81227579,92.12992101,109.3383552,0
759,3,141,197,21.98141856,91.12719303,115.4789148,0
760,15,123,204,22.52709326,92.54780429,115.3830068,0
761,5,136,195,22.35628673,91.92360477,107.7697413,0
762,10,136,204,21.19852186,92.15595143,105.8554351,0
763,7,141,195,23.8812458,93.45067555,104.9116663,0
764,2,129,201,22.78234161,94.36803516,122.1449949,0
765,29,138,197,22.19055385,92.43764169,121.6622761,0
766,30,137,200,22.91430043,90.70475565,118.6044645,0
767,29,132,204,23.08950736,90.22507299,108.2166601,0
768,14,139,197,21.72484506,92.83975602,121.6961761,0
769,18,125,203,22.44307715,91.59234006,102.5565807,0
770,33,143,204,21.1316077,91.95769858,122.5391946,0
771,40,144,196,22.71750705,92.25479855,107.0289866,0
772,9,143,197,23.75033085,92.88160462,117.6602827,0
773,38,135,203,23.76121837,93.661643,100.825956,0
774,28,130,196,22.13450646,94.67695747,112.9203223,0
775,35,142,203,21.17089176,90.23730166,123.6495149,0
776,12,129,205,22.36238282,91.15761594,118.6832725,0
777,1,135,203,22.77856513,92.70124029,113.7759219,0
778,31,121,201,23.15791104,90.34396882,110.712841,0
779,35,131,203,22.42776057,93.91722423,102.7230739,0
780,29,140,195,23.64082979,90.95257927,116.7431319,0
781,33,138,198,22.29423493,90.69033986,122.7418744,0
782,14,140,197,23.35225078,90.90054697,113.0381382,0
783,35,145,195,22.03911546,94.58075845,110.9804014,0
784,40,120,197,23.80593812,92.48879468,119.6335548,0
785,25,132,198,22.31944084,90.85174383,100.1173443,0
786,31,137,196,22.14464104,93.82567435,120.6310784,0
787,36,144,196,23.65167552,94.50528753,115.3611268,0
788,10,140,197,22.16939473,90.27185592,124.4683112,0
789,22,30,12,15.78144173,92.51077745,119.035002,9
790,37,6,13,26.03097313,91.50819306,101.2847738,9
791,27,13,6,13.36050601,91.35608208,111.2266885,9
792,7,16,9,18.87957654,92.04304496,114.6659511,9
793,20,7,9,29.47741671,91.57802915,111.1727497,9
794,26,27,10,28.06903173,92.91487288,114.1339416,9
795,5,23,15,25.66901098,92.04670813,112.5424199,9
796,39,24,14,30.55472573,90.90343769,106.0711985,9
797,13,23,6,23.96147583,90.26408017,102.6958703,9
798,21,17,15,23.98289638,91.5473145,118.4901697,9
799,33,12,8,25.26052689,90.31153735,117.3695296,9
800,6,9,12,31.08368929,90.14362642,109.6894658,9
801,19,7,10,14.78003032,91.22062116,100.1961762,9
802,24,18,6,26.56608303,94.45239715,116.3796525,9
803,9,11,8,24.85903405,94.39000473,111.7803734,9
804,31,8,7,34.51465139,93.63812684,103.5684926,9
805,22,17,5,24.12188673,90.72351622,102.835632,9
806,13,5,8,23.85340379,90.10522549,103.923226,9
807,16,8,9,24.60297538,91.28408653,111.2948115,9
808,4,13,6,15.63211033,94.25966183,101.4705704,9
809,8,7,10,28.2620488,91.98317355,105.2132259,9
810,4,23,5,22.67594476,93.36348717,110.3332655,9
811,33,14,8,21.03200078,92.9641969,110.6823944,9
812,30,7,15,33.23453301,91.06053924,115.7659902,9
813,21,29,12,22.30318989,92.15987039,117.3688104,9
814,11,14,5,11.50322938,94.8933184,115.5683776,9
815,9,8,15,14.34320488,94.35734702,110.2223123,9
816,5,18,14,33.1056981,93.48447453,119.1709113,9
817,29,25,14,30.49183837,90.4582865,113.3302105,9
818,33,12,15,30.25578031,92.03272799,116.7173125,9
819,8,16,6,12.22816189,90.26457428,108.4161706,9
820,15,14,8,10.01081312,90.22399223,119.3941064,9
821,16,7,8,22.79196751,90.60901895,116.5084074,9
822,5,25,6,30.72119881,94.01331956,106.8118019,9
823,6,8,11,24.35590861,92.39651663,119.6946577,9
824,10,5,5,21.21306973,91.35349216,112.9834361,9
825,1,17,6,10.78689755,91.38411917,117.5293447,9
826,1,30,10,11.89925671,91.34663797,103.5771468,9
827,24,27,9,18.86883219,93.24688124,119.3936976,9
828,36,11,13,17.34083741,93.04897191,112.7194284,9
829,40,21,8,34.90665289,92.87820148,102.1906333,9
830,40,22,6,24.53610067,91.90997228,115.9787989,9
831,32,18,13,13.8377282,91.74780462,107.9873218,9
832,9,10,10,22.3551049,93.52211892,101.5164589,9
833,13,16,8,34.74004942,93.12316972,100.1967854,9
834,15,9,11,11.54785707,94.14861001,108.8289171,9
835,29,11,5,23.13338811,91.94670335,104.4224145,9
836,1,15,9,29.98364695,94.55239717,115.3560318,9
837,18,5,11,20.87947369,90.93756231,102.4550786,9
838,14,22,9,17.24944623,91.13772765,112.5090516,9
839,33,15,7,15.83388699,91.68293851,109.7571416,9
840,4,6,7,23.01014302,91.11764246,112.6738296,9
841,17,16,14,16.39624284,92.18151927,102.944161,9
842,12,20,10,24.45132792,93.10527686,109.4711098,9
843,34,29,8,31.87859192,91.15248149,105.3437825,9
844,39,28,10,31.34920143,91.48247612,109.1549823,9
845,31,25,12,18.05142392,90.03969587,111.7793889,9
846,12,6,8,30.84835031,92.86773675,107.4142681,9
847,12,29,13,22.45616931,91.52781832,118.0069295,9
848,26,11,11,13.70319166,90.95589386,106.2944879,9
849,19,24,15,20.48954522,93.72485075,111.8391951,9
850,39,21,9,13.20844373,94.02769434,106.2696156,9
851,16,29,13,32.31944397,93.67804556,117.6236473,9
852,36,29,13,20.68185224,90.91510525,109.7513927,9
853,37,23,12,31.52675982,90.50621806,113.1169398,9
854,39,9,15,25.35467646,91.81183218,116.7555937,9
855,31,5,14,17.66545409,91.69865887,110.6857506,9
856,18,12,8,12.59093977,91.81668769,119.3916718,9
857,20,20,10,11.86631922,93.68394562,106.060149,9
858,5,8,5,11.03367937,92.22706805,112.7715925,9
859,20,8,12,25.2990432,94.96419851,117.9733424,9
860,25,21,11,32.23797837,90.15406807,104.7052254,9
861,14,19,14,17.68408797,94.35815354,108.0638166,9
862,37,18,12,10.2708877,90.19147747,106.6955204,9
863,26,15,6,17.22034507,94.78797376,108.0054343,9
864,13,22,5,19.667056,90.50096668,100.1737964,9
865,32,25,9,10.35609594,93.75652041,101.1456947,9
866,19,7,9,27.255435,91.71369387,101.139435,9
867,28,7,9,34.5917846,92.13229786,115.5650287,9
868,24,30,11,32.39523995,94.51768464,113.25373,9
869,7,17,10,10.16431299,91.22320999,106.362551,9
870,18,23,8,21.49118657,93.43949693,101.4819888,9
871,7,20,12,16.53460397,94.76759975,110.0447896,9
872,20,23,11,31.8520694,90.12220323,109.9455062,9
873,18,14,11,28.04799508,90.00621688,117.1311498,9
874,34,11,10,31.75048899,94.59551226,115.1989301,9
875,20,29,10,29.07412717,93.27189064,100.7896871,9
876,37,24,13,19.14381903,90.71037456,108.0230792,9
877,12,8,10,16.14820285,91.4448027,107.4287664,9
878,34,10,14,34.05296914,92.05811721,116.8020848,9
879,6,13,9,34.51423957,90.56151463,118.3271968,9
880,27,30,5,32.71748548,90.54608254,113.328978,9
881,13,8,12,25.16296632,92.54736032,114.3117197,9
882,6,7,7,27.68167318,94.47316879,113.9995146,9
883,40,17,15,21.35093384,90.9492967,107.0862095,9
884,31,26,9,11.69894639,93.25638873,103.2005992,9
885,61,68,50,35.21462816,91.49725058,243.0745066,10
886,58,46,45,42.39413392,90.79028064,88.46607497,10
887,45,47,55,38.4191628,91.14220381,119.2653877,10
888,39,65,53,35.33294932,92.11508608,235.6133585,10
889,31,68,45,42.92325255,90.07600528,196.2408242,10
890,70,68,45,33.83508569,92.85470152,203.4044028,10
891,68,62,50,33.20258348,92.76437927,197.5282582,10
892,34,65,47,23.48546973,93.71043692,191.7760562,10
893,38,68,54,29.33710543,90.81781439,202.0572747,10
894,69,64,47,40.21199348,94.50766912,186.6762324,10
895,58,51,47,42.13473976,91.70445386,197.402901,10
896,59,47,53,32.86316618,91.4618874,47.271547,10
897,44,64,54,29.80744318,91.38048469,232.7046126,10
898,56,57,48,31.56213762,93.0484859,63.62250788,10
899,69,60,54,36.32268069,93.06134398,141.1736926,10
900,56,58,49,37.13165026,94.60761797,172.4788062,10
901,49,55,53,38.4418717,93.63739039,77.71566883,10
902,38,51,52,32.66160599,90.78931681,78.85085502,10
903,54,65,47,27.92765919,91.55594211,149.9107557,10
904,57,57,51,39.01793345,91.48815629,105.8841531,10
905,39,52,53,32.51247398,94.65904123,51.07048113,10
906,58,67,45,38.72382798,91.72514851,62.62377075,10
907,61,64,52,43.30204933,92.83405443,110.562229,10
908,34,62,55,27.58548913,90.72526502,238.5008779,10
909,31,48,45,40.78881819,92.90951393,132.7923586,10
910,47,46,52,23.19451074,91.40301608,206.3999208,10
911,32,68,52,32.68067385,92.61715632,248.8592986,10
912,36,59,46,34.28879307,93.61082872,127.2509777,10
913,61,51,51,39.30050027,94.16193416,120.9512466,10
914,70,54,46,39.73149053,91.12220596,122.7628653,10
915,44,56,49,39.23342464,91.25589286,64.4478499,10
916,34,68,51,27.34734861,94.17756725,40.35153141,10
917,50,59,47,40.76998685,92.09278584,209.8678411,10
918,39,70,52,26.26559543,90.79668055,59.49373381,10
919,34,61,49,28.12971499,93.3210737,117.8201907,10
920,44,60,55,34.2804607,90.55561637,98.54047745,10
921,31,62,52,33.7960155,93.00754254,182.026807,10
922,65,62,51,31.53243779,90.87394933,207.0735119,10
923,44,57,53,42.30495821,90.51431779,74.876786,10
924,50,47,48,24.63676897,90.61964344,218.2299187,10
925,43,50,48,28.28222883,91.37059792,179.2720807,10
926,60,46,53,24.48620746,92.98254537,183.49095,10
927,70,68,55,42.84609252,94.63548176,78.8099639,10
928,59,62,52,43.67549305,93.10887229,103.8235658,10
929,60,58,51,42.07213781,92.92203105,165.7412972,10
930,42,60,47,33.46873719,92.12746225,136.8277041,10
931,35,66,47,31.7018373,91.66232213,48.83810592,10
932,34,65,48,41.41968393,90.03863107,199.3096432,10
933,36,54,46,42.54744013,94.94482086,214.4103848,10
934,39,64,52,28.91842453,94.63676767,63.68794608,10
935,37,52,47,43.08022702,93.90305729,211.8529059,10
936,33,47,46,29.20300896,93.96834049,209.4083305,10
937,34,48,48,41.04224355,91.37258067,181.527598,10
938,49,54,50,25.62446619,93.18240298,97.26336657,10
939,40,65,49,35.32876402,91.06138506,163.9069365,10
940,68,52,49,24.42561272,92.27749066,63.35298768,10
941,50,46,52,31.18298415,90.21646909,54.01872359,10
942,65,63,50,31.88342554,91.3256535,79.27201575,10
943,40,49,47,42.93368602,91.1756748,246.3613268,10
944,42,53,48,23.11407669,94.31994776,231.5153161,10
945,49,55,51,24.87212063,93.90560147,135.1694525,10
946,59,62,49,43.36051537,93.35191636,114.778071,10
947,63,58,47,26.83054058,90.75379971,144.6656444,10
948,70,65,52,30.42012134,93.12659793,75.95295,10
949,63,50,52,28.64555584,93.22642604,115.8163936,10
950,40,64,47,32.50037548,93.47888842,71.73759526,10
951,63,58,50,43.03714283,94.6428898,41.5856585,10
952,45,58,49,30.10773379,90.34546355,75.24521981,10
953,66,69,47,23.69212243,93.61055571,87.53393983,10
954,54,67,52,35.67667332,93.30641944,141.3381168,10
955,69,67,52,27.71948962,94.43877142,82.83061083,10
956,67,68,49,35.26824831,92.38282957,149.8488208,10
957,45,57,47,23.16855863,90.78821158,161.6892093,10
958,56,50,52,33.08706051,92.25197542,88.1300769,10
959,70,50,53,37.4620912,90.44967809,172.3458448,10
960,44,47,45,38.73218907,94.73613484,218.142147,10
961,50,60,47,32.57720726,92.74889453,93.7942847,10
962,52,51,53,38.38231475,93.10378595,210.2735346,10
963,35,68,45,42.93605359,90.09448142,234.8466111,10
964,68,69,52,25.65492304,92.74501561,52.95477913,10
965,32,55,52,37.58899717,91.99740365,159.6577388,10
966,32,55,51,29.60718808,93.15642801,62.68710535,10
967,48,62,47,25.34756111,93.02871078,174.4012337,10
968,39,69,53,25.9300384,93.02357765,241.8202079,10
969,49,61,45,32.76795887,94.57377401,240.4795923,10
970,48,57,54,29.02328049,90.20396783,126.8069869,10
971,69,66,49,40.00439101,90.17015833,92.11877372,10
972,53,55,55,33.32315744,91.25271223,234.496633,10
973,38,61,52,31.22790131,94.94021378,46.44279118,10
974,57,64,55,26.68386496,92.9585411,62.50689682,10
975,51,57,55,24.70528368,90.14732171,108.4103158,10
976,56,65,45,38.2016825,93.97379963,218.0908814,10
977,54,66,52,36.56769731,93.79503425,104.4218596,10
978,58,55,47,26.05375792,93.69111672,240.6863901,10
979,68,70,54,31.29986342,92.76039164,54.77830202,10
980,42,59,55,40.10207731,94.35110201,149.1199989,10
981,43,64,47,38.58954491,91.58076549,102.2708231,10
982,35,67,49,41.31330062,91.1508798,239.7427554,10
983,56,59,55,37.03551903,91.79430166,188.5181422,10
984,39,64,53,23.0124018,91.07355541,208.3357976,10
985,89,47,38,25.52468965,72.24850829,151.8869972,5
986,60,37,39,26.59104992,82.94164078,161.2469997,5
987,63,41,45,25.29781791,86.8870535,196.6249511,5
988,86,40,39,25.72100868,88.16513579,175.6086697,5
989,96,41,40,23.58419277,72.00460848,190.4242157,5
990,100,35,36,25.31042337,72.01364411,190.5577618,5
991,63,37,43,23.41798979,85.08640476,185.7446728,5
992,70,43,40,24.35564134,88.80391021,169.1168028,5
993,67,55,44,26.284017,75.14640198,182.2685447,5
994,74,40,40,25.13842773,83.12053888,169.3388465,5
995,89,53,44,24.88692811,71.91711523,150.2498675,5
996,74,46,45,25.75734909,88.36668522,189.4263485,5
997,89,41,38,23.12844351,74.68322732,199.8362913,5
998,60,55,40,24.9949957,88.95692783,151.4935635,5
999,67,43,38,25.21622704,70.88259632,195.8645552,5
1000,70,38,35,24.39736241,79.26861738,164.2697011,5
1001,74,49,38,23.31410442,71.4509053,164.4970373,5
1002,90,40,39,25.72668885,81.86171563,191.9649389,5
1003,82,35,44,26.96656378,78.21047693,169.8391177,5
1004,73,45,37,23.70467146,74.63745355,181.2783964,5
1005,85,53,38,24.90075709,73.84186449,153.8990984,5
1006,81,56,36,23.39605743,72.60512854,174.7876411,5
1007,84,55,38,26.8748389,79.78725152,173.1017097,5
1008,80,45,42,23.1426498,74.99739774,151.9035477,5
1009,76,54,45,24.29496635,77.62976013,184.9800516,5
1010,76,56,39,24.39459498,89.89106506,197.1220049,5
1011,81,40,45,25.7629429,80.76238215,174.5071843,5
1012,76,44,45,25.4879684,84.48235878,168.7848886,5
1013,69,47,40,25.37122686,76.2403666,183.8270791,5
1014,82,40,45,26.21312799,81.70476368,180.1237765,5
1015,69,57,35,24.30748599,78.54340987,186.2337571,5
1016,81,36,38,23.76554749,87.98329901,150.3166152,5
1017,67,60,38,24.79853023,78.53037059,162.2847429,5
1018,72,51,40,23.20683504,74.09956958,199.4766779,5
1019,65,39,45,23.66805429,70.89000744,184.4633281,5
1020,78,50,43,25.12417673,85.72530641,159.5718087,5
1021,77,52,41,23.89069041,83.46409075,167.7230632,5
1022,89,52,42,23.09433785,81.45139295,196.6587013,5
1023,62,49,37,24.21744605,82.85284045,166.1365886,5
1024,90,48,45,24.06475727,71.31342851,153.6390212,5
1025,66,47,36,24.85441411,74.4407048,175.572958,5
1026,80,52,39,26.41915161,76.85691248,197.2101782,5
1027,89,52,45,24.89326318,77.01222585,196.469984,5
1028,77,51,44,23.25583402,82.7015932,166.2160846,5
1029,94,37,41,24.7634518,87.06071115,179.1630865,5
1030,75,41,35,24.97042599,78.62697699,166.6415254,5
1031,60,55,36,26.12797248,80.49172597,150.6326874,5
1032,62,56,35,25.97825807,81.65769588,163.3488091,5
1033,84,40,42,26.2830571,73.35763537,186.6898282,5
1034,100,56,40,26.38905406,83.31240346,176.1516409,5
1035,75,56,44,25.2746335,73.7459581,168.0432282,5
1036,78,46,42,23.09499564,78.45959697,155.3851533,5
1037,82,48,36,25.79351957,81.76904006,193.2418382,5
1038,100,58,41,23.17403323,87.88255345,160.6217342,5
1039,88,50,40,25.63215038,79.95150917,182.2582277,5
1040,67,41,40,25.848795,87.81661683,152.6194403,5
1041,72,42,43,26.56767277,80.90424543,181.2915605,5
1042,89,40,43,26.24532085,72.97198375,189.9711184,5
1043,89,57,43,26.91515043,73.19897535,177.2233048,5
1044,61,41,44,24.36972377,82.11319791,159.9210934,5
1045,79,45,43,25.71901283,79.15532398,187.1735424,5
1046,84,40,43,25.01157559,88.3313023,169.4168014,5
1047,98,43,35,25.40785911,76.44048625,188.6372826,5
1048,75,36,44,23.28081,74.27607475,153.7447398,5
1049,89,58,35,23.98651719,82.09053379,167.0576456,5
1050,91,41,37,24.48556447,83.20630007,192.2316221,5
1051,77,48,36,25.86705009,84.09985284,154.8390847,5
1052,66,58,35,23.5643831,79.46283115,185.25947,5
1053,62,59,41,24.2248758,74.89465426,192.4931257,5
1054,82,35,35,25.49386782,86.97061481,176.5268267,5
1055,61,41,35,24.97178693,79.47557931,195.7571622,5
1056,99,57,38,24.80624984,82.09281674,156.3616174,5
1057,70,42,43,23.16814977,76.66724969,157.1215052,5
1058,90,59,35,24.25133493,89.86454053,175.1742112,5
1059,73,43,42,26.58361011,78.00774772,154.8238864,5
1060,67,46,44,26.82489244,78.20392774,153.9199807,5
1061,84,37,42,25.49674786,81.13449097,169.9288234,5
1062,72,41,36,24.09874353,80.57226761,176.8604109,5
1063,71,56,37,23.18866654,86.20899734,176.103677,5
1064,64,53,38,26.24347471,78.51063754,183.4065252,5
1065,65,54,39,23.75091572,71.14782585,160.0889553,5
1066,60,58,37,26.13871511,79.1188943,171.4892533,5
1067,86,39,43,26.14576648,71.23690851,193.1007598,5
1068,90,50,44,26.91643698,73.48655995,171.4716375,5
1069,91,38,36,26.5232969,77.17331847,157.8548562,5
1070,87,48,38,23.81579631,80.94023552,190.312216,5
1071,72,41,36,26.50838667,86.84264005,152.9801697,5
1072,71,54,35,26.63952463,70.95705996,199.3355744,5
1073,82,46,41,23.3250131,79.79609448,187.3096148,5
1074,71,52,43,26.47549543,73.96164569,180.2513601,5
1075,80,43,43,23.78756036,74.36794079,172.6442654,5
1076,77,55,43,25.49941707,75.99987588,193.7141828,5
1077,95,57,41,23.24925555,73.65346838,184.7674863,5
1078,63,47,35,26.98582182,89.05587886,193.8778713,5
1079,93,43,38,23.61475336,86.14290267,150.2355238,5
1080,87,44,43,23.87484465,86.79261344,177.5147313,5
1081,88,52,39,23.92887902,88.07112278,154.6608736,5
1082,90,39,37,24.81441246,81.68688879,190.7886386,5
1083,90,39,43,24.44743944,82.286484,190.9684885,5
1084,84,38,43,26.57421679,73.81994896,159.3223075,5
1085,91,21,26,26.33377983,57.36469955,191.6549412,3
1086,107,21,26,26.45288458,55.32222678,144.6861336,3
1087,83,38,35,25.70822684,52.88667115,136.7325092,3
1088,108,24,31,24.12832546,56.18107663,147.2757818,3
1089,116,28,34,23.44372334,60.39523266,122.2103248,3
1090,116,23,25,23.4123707,52.26994674,139.3670753,3
1091,109,31,27,23.05951896,50.40609436,164.4971875,3
1092,89,25,34,23.07895447,63.65861483,129.8765443,3
1093,118,18,32,27.6496114,51.11044023,122.8392822,3
1094,111,32,34,25.46743689,69.35161206,171.3764462,3
1095,84,36,28,26.7350622,55.55164819,140.6305213,3
1096,85,33,25,26.20811417,52.50987966,189.0944824,3
1097,99,15,27,27.0424167,57.27927475,165.6872119,3
1098,81,30,31,24.65090184,51.93952357,135.1386537,3
1099,95,39,29,27.35152643,55.99375012,148.9812525,3
1100,81,34,30,25.17787724,62.26244581,135.0119649,3
1101,80,15,28,23.11438731,68.00096043,161.8944624,3
1102,104,20,26,27.22783677,52.95261751,175.7260273,3
1103,109,29,28,23.26316991,60.5160021,194.1755471,3
1104,100,32,26,25.234661,57.53161469,124.2261737,3
1105,100,24,28,25.59535262,57.72920846,195.7733251,3
1106,83,21,28,25.5674832,60.49244602,190.2257843,3
1107,120,23,28,25.67324193,51.29043632,196.2736367,3
1108,104,26,30,24.40726724,62.65692638,148.6977358,3
1109,108,33,31,23.69287069,66.76090123,144.6576424,3
1110,91,25,26,24.53460016,66.99765375,180.5059257,3
1111,86,26,27,27.13140403,52.89368299,192.4280381,3
1112,98,18,27,27.56088634,68.49299897,167.4358075,3
1113,111,27,31,23.59302313,55.27564977,191.3980675,3
1114,84,39,35,23.17714381,52.13864034,117.3113562,3
1115,98,27,27,24.71384065,51.29142534,197.6439711,3
1116,118,21,34,24.38534644,64.72543073,119.6324109,3
1117,103,27,31,27.15998538,51.59100753,126.1752206,3
1118,82,24,33,26.53543168,67.09608099,120.6494434,3
1119,86,31,35,27.01207284,60.76645256,191.4508931,3
1120,88,35,35,27.55906475,58.45742907,117.9389993,3
1121,84,27,29,23.32293161,53.00366334,168.2644287,3
1122,120,40,33,24.23850608,54.30329632,115.1564012,3
1123,106,40,30,23.42611644,64.10651528,122.6847408,3
1124,113,21,33,26.02241444,55.83288958,176.9020924,3
1125,117,34,25,24.83846178,56.7685316,124.4135035,3
1126,80,30,25,26.24092174,65.64381357,148.3771202,3
1127,88,21,27,24.43011925,66.02411187,181.6368274,3
1128,113,33,34,26.00373964,62.1445102,153.477776,3
1129,87,23,28,26.22367404,62.26594559,193.7461968,3
1130,113,15,29,27.09617155,63.55324262,190.2440566,3
1131,98,29,30,25.64004392,61.03273481,199.4735636,3
1132,97,29,27,27.74576987,54.36976075,139.8619431,3
1133,85,35,32,26.24928198,54.28617819,133.1120232,3
1134,82,29,35,26.67377159,52.24226285,156.1543898,3
1135,103,33,25,27.10210397,55.7497332,139.5013171,3
1136,112,17,28,27.62975458,61.26002598,196.6492664,3
1137,99,19,33,27.5364547,55.51673151,130.6377143,3
1138,120,20,34,23.56960509,50.56339727,130.3797119,3
1139,114,27,28,24.99451759,57.93250202,192.8736822,3
1140,100,40,35,27.56441788,54.41094079,177.816092,3
1141,108,35,25,23.98143338,61.10935084,161.5279095,3
1142,115,31,30,24.22984659,67.37768353,122.4073418,3
1143,87,28,30,25.60153969,68.66257977,168.8383605,3
1144,82,24,26,24.31274458,53.57285558,184.4103931,3
1145,94,26,27,26.36629861,52.25738495,177.3176161,3
1146,87,28,35,26.5602777,57.1621814,152.0616227,3
1147,118,40,35,26.35034208,58.50650238,121.5586297,3
1148,87,38,29,25.20406808,57.88370456,156.1457255,3
1149,92,40,30,23.35723208,55.18792166,171.6976946,3
1150,97,22,26,23.60567546,59.68849145,185.1568059,3
1151,99,40,32,24.18471151,69.94807345,163.2708732,3
1152,89,28,33,26.44414097,53.83876189,175.3723314,3
1153,112,39,29,26.12492233,63.37479229,147.8035305,3
1154,111,28,26,27.77363343,64.47858698,192.7121236,3
1155,114,20,26,25.55656667,62.67087838,193.5866233,3
1156,117,26,30,27.92374437,67.96910852,115.2325531,3
1157,111,29,31,26.05968403,52.31098539,161.3432535,3
1158,119,30,28,26.35770906,64.57578034,163.6269496,3
1159,116,40,33,24.91370487,54.15319242,129.5481144,3
1160,95,37,35,27.31317116,68.4233391,192.4288139,3
1161,86,40,33,26.1387869,52.26311691,136.3027766,3
1162,117,37,32,23.1069385,67.06230539,162.5769606,3
1163,105,18,35,23.52648086,68.44030686,171.8839938,3
1164,109,23,25,25.11711046,68.48030408,194.8773479,3
1165,80,18,31,24.02952505,58.84880599,134.6803969,3
1166,101,31,26,26.70897548,69.71184111,158.8608887,3
1167,103,33,33,26.71717393,50.50148528,126.8073984,3
1168,93,26,27,24.59245684,56.46829641,137.7044047,3
1169,104,35,28,27.51006055,50.66687215,143.9955548,3
1170,116,36,25,27.57847581,58.52534263,156.6810374,3
1171,107,38,29,26.65069302,57.56695719,145.105065,3
1172,101,33,33,26.97251562,62.0183627,142.8610793,3
1173,107,31,31,23.17124551,52.97841162,153.1201644,3
1174,99,16,30,23.52652084,65.44340921,186.1728203,3
1175,103,40,30,27.30901814,55.196224,141.4831644,3
1176,118,31,34,27.54823036,62.88179198,181.4170812,3
1177,106,21,35,25.627355,57.04151119,188.5506536,3
1178,116,38,34,23.29250318,50.04557009,183.468585,3
1179,97,35,26,24.91461008,53.74144743,166.2549307,3
1180,107,34,32,26.77463708,66.4132686,177.7745075,3
1181,99,15,27,27.41711238,56.63636248,127.92461,3
1182,118,33,30,24.13179691,67.22512329,173.3228386,3
1183,117,32,34,26.2724184,52.12739421,127.1752928,3
1184,104,18,30,23.60301571,60.39647474,140.9370415,3
